id,cons_12m,cons_gas_12m,cons_last_month,date_activ,date_end,date_modif_prod,date_renewal,forecast_cons_12m,forecast_cons_year,forecast_discount_energy,forecast_meter_rent_12m,forecast_price_energy_off_peak,forecast_price_energy_peak,forecast_price_pow_off_peak,imp_cons,margin_gross_pow_ele,margin_net_pow_ele,nb_prod_act,net_margin,num_years_antig,pow_max,churn,price_off_peak_var_mean,price_off_peak_var_std,price_off_peak_var_min,price_off_peak_var_max,price_off_peak_var_last,price_peak_var_mean,price_peak_var_std,price_peak_var_min,price_peak_var_max,price_peak_var_last,price_mid_peak_var_mean,price_mid_peak_var_std,price_mid_peak_var_min,price_mid_peak_var_max,price_mid_peak_var_last,price_off_peak_fix_mean,price_off_peak_fix_std,price_off_peak_fix_min,price_off_peak_fix_max,price_off_peak_fix_last,price_peak_fix_mean,price_peak_fix_std,price_peak_fix_min,price_peak_fix_max,price_peak_fix_last,price_mid_peak_fix_mean,price_mid_peak_fix_std,price_mid_peak_fix_min,price_mid_peak_fix_max,price_mid_peak_fix_last,channel_sales_MISSING,channel_sales_epumfxlbckeskwekxbiuasklxalciiuu,channel_sales_ewpakwlliwisiwduibdlfmalxowmwpci,channel_sales_fixdbufsefwooaasfcxdxadsiekoceaa,channel_sales_foosdfpfkusacimwkcsosbicdxkicaua,channel_sales_lmkebamcaaclubfxadlmueccxoimlema,channel_sales_sddiedcslfslkckwlfkdpoeeailfpeds,channel_sales_usilxuppasemubllopkaafesmlibmsdf,has_gas_f,has_gas_t,origin_up_MISSING,origin_up_ewxeelcelemmiwuafmddpobolfuxioce,origin_up_kamkkxfxxuwbdslkwifmmcsiusiuosws,origin_up_ldkssxwpmemidmecebumciepifcamkci,origin_up_lxidpiddsbxsbosboudacockeimpuepw,origin_up_usapbepcfoloekilkwsdiboslwaxobdp
95c47f200fcad5167bbbfd71a33ec174,14906,15616,1463,0.5961771110573434,0.5677290836653387,0.9806368330464716,0.9154334038054969,1472.56,1463,0.0,117.53,0.114667,0.099548,40.606701,140.56,3.24,3.24,2,181.83,6,17.320999999999998,0,0.123777,0.004713,0.117658,0.127566,0.117658,0.103725,0.00211,0.101201,0.105428,0.101201,0.073561,0.000212,0.073433,0.074205,0.073625,40.6067,0.073681,40.565969,40.728885,40.728885,24.364017,0.044209,24.339578,24.43733,24.43733,16.242678,0.029474,16.226383,16.291555,16.291555,False,False,False,False,True,False,False,False,False,True,False,False,False,False,True,False
b2b1e0837db7f608b5bbb1bacc0cf49d,11885,0,1007,0.6472296152915558,0.4442231075697211,0.9690189328743546,0.846723044397463,2022.01,1007,30.0,16.99,0.198096,0.0,46.30537836,201.36,30.9,30.9,2,85.22,5,13.2,0,0.173859,0.028256,0.146734,0.204604,0.200142,0.0,0.0,0.0,0.0,0.0,0.0,0.0,0.0,0.0,0.0,45.370636,1.122901,44.266931,46.44471,46.44471,0.0,0.0,0.0,0.0,0.0,0.0,0.0,0.0,0.0,0.0,False,False,False,False,True,False,False,False,True,False,False,False,False,False,True,False
7ae5831aa008e89c66c15bec5db55f37,7053,0,0,0.5589160416162594,0.43824701195219123,0.9565404475043029,0.846723044397463,569.91,0,0.0,18.47,0.141434,0.0,44.31137796,0.0,10.08,10.08,1,46.23,6,10.39,0,0.146921,0.003441,0.142861,0.150211,0.143306,0.0,0.0,0.0,0.0,0.0,0.0,0.0,0.0,0.0,0.0,44.35582,0.092842,44.26693,44.44471,44.44471,0.0,0.0,0.0,0.0,0.0,0.0,0.0,0.0,0.0,0.0,False,False,False,False,True,False,False,False,True,False,False,False,False,False,True,False
07ba25a19f5ed4cab9af7d8a42639374,22152,0,0,0.5976288410355673,0.027888446215139442,0.9905335628227194,0.6300211416490487,3285.17,0,0.0,19.18,0.142996,0.0,44.31137796,0.0,29.76,29.76,1,317.74,6,13.2,0,0.147965,0.002235,0.14544,0.149902,0.14544,0.0,0.0,0.0,0.0,0.0,0.0,0.0,0.0,0.0,0.0,44.26693,1e-06,44.26693,44.266931,44.26693,0.0,0.0,0.0,0.0,0.0,0.0,0.0,0.0,0.0,0.0,False,False,False,False,True,False,False,False,True,False,False,False,False,False,True,False
843b625cba0d4a1e8862a26f80c12681,15333,0,2268,0.7800629082990563,0.07569721115537849,0.693631669535284,0.6564482029598309,1613.91,2268,0.0,131.76,0.120372,0.103487,40.606701,228.77,26.76,26.76,1,190.7,4,19.8,0,0.127797,0.003932,0.123388,0.131549,0.123388,0.107261,0.001929,0.105155,0.109324,0.105155,0.076488,0.001333,0.074278,0.077255,0.077201,40.688156,0.073681,40.565969,40.728885,40.728885,24.412893,0.044209,24.339581,24.43733,24.43733,16.275263,0.029473,16.226389,16.291555,16.291555,False,False,False,False,True,False,False,False,True,False,False,False,False,True,False,False
e32e49751b282fa1af5f4cbc3cd90e7d,10854,0,1307,0.6569078151463827,0.5179282868525896,0.9664371772805508,0.8890063424947146,1146.85,769,0.0,13.84,0.142881,0.0,45.30837756,111.19,17.64,17.64,1,97.16,5,12.5,0,0.148314,0.003394,0.144291,0.151635,0.144757,0.0,0.0,0.0,0.0,0.0,0.0,0.0,0.0,0.0,0.0,44.492857,0.44975,44.26693,45.44471,45.44471,0.0,0.0,0.0,0.0,0.0,0.0,0.0,0.0,0.0,0.0,False,False,False,False,True,False,False,False,True,False,False,False,False,False,True,False
3d621dfd649cf98de8092332b86d7d5c,916711,0,66423,0.6094846358577305,0.0099601593625498,0.5419535283993115,0.620507399577167,3196.25,0,0.0,26.81,0.1640579999999999,0.086163,44.31137796,0.0,23.4,23.4,1,336.61,6,10.392,0,0.168011,0.002325,0.165384,0.170012,0.165384,0.086419,0.000757,0.084991,0.087081,0.086328,0.0,0.0,0.0,0.0,0.0,44.266931,1e-06,44.26693,44.266931,44.26693,0.0,0.0,0.0,0.0,0.0,0.0,0.0,0.0,0.0,0.0,True,False,False,False,False,False,False,False,True,False,False,False,False,True,False,False
b29d6c1439245c7c817c69a03f9dd641,2590,0,0,0.5857730462134043,0.545816733067729,0.5208691910499139,0.9038054968287527,392.43,0,0.0,19.5,0.146348,0.0,45.80687796,0.0,28.56,28.56,1,54.63,6,11.4,1,0.149954,0.002108,0.147173,0.151635,0.148239,0.0,0.0,0.0,0.0,0.0,0.0,0.0,0.0,0.0,0.0,44.54656,0.653075,44.26693,45.94471,45.94471,0.0,0.0,0.0,0.0,0.0,0.0,0.0,0.0,0.0,0.0,False,False,False,False,False,True,False,False,True,False,False,False,True,False,False,False
473279dd69ddf4f44ada8c6ff988e34b,5731448,0,771203,0.7234454391483184,0.3386454183266932,0.6432874354561101,0.7938689217758985,2465.58,2975,0.0,144.18,0.115174,0.098837,40.606701,267.88,15.24,15.24,1,291.83,5,19.8,0,0.123016,0.004273,0.118175,0.126473,0.118175,0.102422,0.001704,0.100491,0.103801,0.100491,0.07294,0.001391,0.071814,0.074516,0.074516,40.728885,0.0,40.728885,40.728885,40.728885,24.43733,0.0,24.43733,24.43733,24.43733,16.291555,0.0,16.291555,16.291555,16.291555,False,False,False,False,False,True,False,False,True,False,False,False,False,False,True,False
e1a4ae057bc4bd4ce0f8e7a71ed357d9,1564106,406995,136783,0.5937575610936365,0.7250996015936255,0.5279690189328744,0.9989429175475687,7765.25,0,0.0,87.96,0.1640579999999999,0.086163,44.31137796,0.0,29.76,29.76,2,299.75,6,13.2,0,0.168048,0.002354,0.165384,0.170012,0.165384,0.086593,0.000629,0.084991,0.087081,0.086328,0.0,0.0,0.0,0.0,0.0,44.26693,1e-06,44.26693,44.266931,44.26693,0.0,0.0,0.0,0.0,0.0,0.0,0.0,0.0,0.0,0.0,False,False,False,False,False,True,False,False,False,True,False,False,True,False,False,False
da7bf91f37e3897b2bf9096ee5c03051,586,0,89,0.8412775223808372,0.5796812749003984,0.7480636833046471,0.9238900634249472,162.73,89,0.0,18.03,0.272981,0.0,59.26637796,24.43,206.07,206.07,1,76.48,3,13.856,1,0.277738,0.002285,0.275124,0.279586,0.275253,0.0,0.0,0.0,0.0,0.0,0.0,0.0,0.0,0.0,0.0,59.226745,0.068641,59.20693,59.44471,59.44471,0.0,0.0,0.0,0.0,0.0,0.0,0.0,0.0,0.0,0.0,False,False,False,False,True,False,False,False,True,False,False,False,False,False,True,False
bfb1355931f3c0250cef89b62309bc0c,94510,0,0,0.6704572949431405,0.6294820717131474,0.9808519793459552,0.9482029598308668,240.61,0,0.0,17.64,0.14346,0.0,46.30537836,0.0,27.28,27.28,1,18.33,5,13.856,0,0.149577,0.003787,0.143946,0.152445,0.143946,0.0,0.0,0.0,0.0,0.0,0.0,0.0,0.0,0.0,0.0,44.26693,1e-06,44.26693,44.266931,44.26693,0.0,0.0,0.0,0.0,0.0,0.0,0.0,0.0,0.0,0.0,True,False,False,False,False,False,False,False,True,False,False,False,False,True,False,False
c606208bc4f3446e1c52802ef96c3399,9577,0,173,0.7561093636583596,0.6075697211155379,0.8752151462994836,0.9365750528541226,1136.59,0,0.0,18.37,0.147506,0.0,45.30837756,0.0,13.26,13.26,1,117.96,4,10.392,0,0.151257,0.002225,0.148586,0.153048,0.1494,0.0,0.0,0.0,0.0,0.0,0.0,0.0,0.0,0.0,0.0,44.528043,0.288675,44.44471,45.44471,45.44471,0.0,0.0,0.0,0.0,0.0,0.0,0.0,0.0,0.0,0.0,False,False,False,False,True,False,False,False,True,False,False,False,False,False,True,False
5888f0d1a8387cc7e0fe44702c409cf9,18396,0,1123,0.5581901766271473,0.43227091633466136,0.9664371772805508,0.8435517970401691,707.58,1123,0.0,135.46,0.114604,0.098262,40.606701,107.39,18.99,18.99,1,79.29,6,21.144,0,0.122428,0.004386,0.117261,0.125976,0.117595,0.101734,0.002094,0.098656,0.103395,0.099911,0.072029,0.001175,0.070895,0.073936,0.073936,40.6067,0.073681,40.565969,40.728885,40.728885,24.364017,0.044209,24.339578,24.43733,24.43733,16.242678,0.029474,16.226383,16.291555,16.291555,False,False,False,False,True,False,False,False,True,False,False,False,True,False,False,False
14d6c5a28594f806be39ec1d3488572d,2562,0,364,0.8584563271231551,0.7211155378486056,0.7633390705679862,0.9968287526427061,264.13,364,0.0,160.45,0.120372,0.103487,40.606701,36.15,49.44,49.44,1,30.8,3,19.8,0,0.127558,0.004144,0.122871,0.131032,0.122871,0.107086,0.002097,0.104727,0.108896,0.104727,0.076709,0.000766,0.074278,0.076955,0.076901,40.565972,2e-06,40.565969,40.565973,40.565973,24.339579,1e-06,24.339578,24.339581,24.339578,16.226385,3e-06,16.226383,16.226389,16.226383,False,False,False,False,True,False,False,False,True,False,False,False,False,False,True,False
b102716f474a71baa9ed0b62ff4efc5f,4124,9566,0,0.6307766755383498,0.10159362549800798,0.8500430292598967,0.6680761099365751,618.3,0,0.0,15.57,0.1458839999999999,0.0,44.31137796,0.0,23.76,23.76,3,59.31,6,10.392,0,0.149602,0.002177,0.147173,0.151635,0.147173,0.0,0.0,0.0,0.0,0.0,0.0,0.0,0.0,0.0,0.0,44.26693,1e-06,44.26693,44.266931,44.26693,0.0,0.0,0.0,0.0,0.0,0.0,0.0,0.0,0.0,0.0,True,False,False,False,False,False,False,False,False,True,False,False,True,False,False,False
721895b98a263be00191383e92c20bce,13439,0,0,0.7735301233970482,0.021912350597609563,0.6878227194492255,0.6268498942917548,1970.4,0,0.0,15.83,0.142065,0.0,44.31137796,0.0,31.2,31.2,1,174.6,4,13.856,0,0.14585,0.002261,0.143359,0.148047,0.143359,0.007124,0.024677,0.0,0.085483,0.0,0.0,0.0,0.0,0.0,0.0,44.26693,1e-06,44.26693,44.266931,44.26693,0.0,0.0,0.0,0.0,0.0,0.0,0.0,0.0,0.0,0.0,False,False,True,False,False,False,False,False,True,False,False,False,False,True,False,False
a46bd8d631964dea5501c307ed3066be,4173,0,0,0.7749818533752721,0.05776892430278884,0.8489672977624785,0.645877378435518,323.48,0,24.0,118.24,0.173325,0.146676,41.1052014,0.0,69.24,69.24,1,116.89,4,17.320999999999998,0,0.177967,0.008806,0.153159,0.183932,0.175771,0.148516,0.006018,0.130578,0.152042,0.147873,0.102759,0.001272,0.09872,0.103151,0.103097,41.06397,0.0,41.063969,41.06397,41.063969,24.837584,3e-06,24.837581,24.837586,24.837586,16.72439,1e-06,16.724389,16.724391,16.724391,False,False,False,False,True,False,False,False,True,False,False,False,False,False,True,False
8af686c6e60aaa534ef3f9aedbbfd9ad,32908,2223,0,0.758770868618437,0.6294820717131474,0.9808519793459552,0.9482029598308668,4869.53,0,0.0,15.2,0.144058,0.0,44.31137796,0.0,4.04,4.04,3,502.31,4,15.0,0,0.147612,0.002887,0.143715,0.149902,0.143715,0.0,0.0,0.0,0.0,0.0,0.0,0.0,0.0,0.0,0.0,44.26693,1e-06,44.26693,44.266931,44.26693,0.0,0.0,0.0,0.0,0.0,0.0,0.0,0.0,0.0,0.0,False,False,False,False,True,False,False,False,False,True,False,False,False,False,True,False
35f6e82d1529daafa162c6d05c49a9ff,190,0,2,0.8349866924751996,0.5278884462151394,0.7424698795180723,0.8942917547568711,28.61,2,0.0,18.42,0.146348,0.0,46.30537836,0.3,31.16,31.16,1,3.0,3,15.0,0,0.149954,0.002108,0.147173,0.151635,0.148239,0.0,0.0,0.0,0.0,0.0,0.0,0.0,0.0,0.0,0.0,44.629894,0.8477,44.26693,46.44471,46.44471,0.0,0.0,0.0,0.0,0.0,0.0,0.0,0.0,0.0,0.0,False,False,False,False,True,False,False,False,True,False,False,False,False,False,True,False
22cad3b84741c69a21f8fc4791314361,77116,0,8716,0.768449068473264,0.7091633466135459,0.9049053356282272,0.9904862579281184,2550.83,0,0.0,9.71,0.144149,0.0,44.31137796,0.0,32.64,32.64,1,237.92,4,14.49,0,0.146556,0.001987,0.143715,0.148159,0.14544,0.0,0.0,0.0,0.0,0.0,0.0,0.0,0.0,0.0,0.0,44.26693,1e-06,44.26693,44.266931,44.26693,0.0,0.0,0.0,0.0,0.0,0.0,0.0,0.0,0.0,0.0,False,False,False,False,True,False,False,False,True,False,False,False,False,False,True,False
0de79603a0db512f9167943346743d52,503407,0,41742,0.6852165497217517,0.021912350597609563,0.6092943201376936,0.6268498942917548,2329.21,2512,0.0,133.29,0.120372,0.103487,40.606701,258.27,39.0,39.0,1,269.62,5,26.0,0,0.127914,0.004028,0.123388,0.131549,0.123388,0.10737,0.002011,0.105155,0.109324,0.105155,0.076736,0.001149,0.074278,0.077255,0.077201,40.701732,0.063415,40.565969,40.728885,40.728885,24.421038,0.038049,24.339581,24.43733,24.43733,16.280694,0.025366,16.226389,16.291555,16.291555,False,False,False,False,False,True,False,False,True,False,False,False,True,False,False,False
8e4ae7ed787064c8bef7df060d5663b0,24470,0,0,0.8514396322284055,0.08764940239043825,0.9333046471600689,0.5845665961945031,840.15,0,28.0,16.34,0.19923,0.0,45.80687796,0.0,36.04,36.04,1,70.4,3,10.392,0,0.198695,0.014734,0.152445,0.204928,0.200466,0.0,0.0,0.0,0.0,0.0,0.0,0.0,0.0,0.0,0.0,45.63643,0.43128,44.266931,45.760931,45.76093,0.0,0.0,0.0,0.0,0.0,0.0,0.0,0.0,0.0,0.0,False,False,False,False,False,False,False,True,True,False,False,False,True,False,False,False
cfaee6e4ff12a68c7a05dc934a0e1486,7255,0,0,0.8216791676748125,0.6992031872509961,0.9965576592082617,0.8361522198731501,1067.76,0,30.0,18.37,0.1981,0.0,46.30537836,0.0,42.96,42.96,2,92.23,3,13.2,0,0.151403,0.015686,0.142267,0.200142,0.200142,0.0,0.0,0.0,0.0,0.0,0.0,0.0,0.0,0.0,0.0,44.492857,0.619753,44.26693,46.44471,46.44471,0.0,0.0,0.0,0.0,0.0,0.0,0.0,0.0,0.0,0.0,False,False,False,False,True,False,False,False,True,False,False,False,False,False,True,False
8c9f6d30949240da9b68e90eed027bba,297859,0,29603,0.8415194773772079,0.10756972111553785,0.7482788296041308,0.671247357293869,866.34,1079,0.0,9.57,0.142065,0.0,44.31137796,155.1,33.06,33.06,1,83.64,3,14.49,1,0.146456,0.002223,0.143943,0.148405,0.143943,0.0,0.0,0.0,0.0,0.0,0.0,0.0,0.0,0.0,0.0,44.400265,0.080403,44.266931,44.44471,44.44471,0.0,0.0,0.0,0.0,0.0,0.0,0.0,0.0,0.0,0.0,False,False,True,False,False,False,False,False,True,False,False,False,False,True,False,False
bffcc95af6fca2acb3f28d2d79acc8af,12618,0,0,0.548028066779579,0.34860557768924305,0.9459982788296041,0.8033826638477801,600.74,0,0.0,16.78,0.14317,0.0,44.31137796,0.0,18.62,18.62,1,54.19,7,13.2,0,0.147478,0.002254,0.145047,0.150211,0.145047,0.0,0.0,0.0,0.0,0.0,0.0,0.0,0.0,0.0,0.0,44.341005,0.091544,44.26693,44.44471,44.44471,0.0,0.0,0.0,0.0,0.0,0.0,0.0,0.0,0.0,0.0,False,False,False,False,True,False,False,False,True,False,False,False,False,False,True,False
59d4a2a7b649924ff3ca4b763cd54baf,224892,192998,17434,0.825066537624002,0.44621513944223107,0.8640275387263339,0.8509513742071881,10038.88,7875,0.0,129.24,0.114481,0.098142,40.606701,783.14,31.08,31.08,2,1040.76,3,31.2,1,0.124061,0.005017,0.117479,0.128069,0.117479,0.103635,0.002797,0.099794,0.105842,0.099794,0.073776,3.3e-05,0.073719,0.073819,0.073819,40.728885,0.0,40.728885,40.728885,40.728885,24.43733,0.0,24.43733,24.43733,24.43733,16.291555,0.0,16.291555,16.291555,16.291555,False,False,False,False,True,False,False,False,False,True,False,False,False,False,True,False
c4990b4d5b2a68ca64a4b3d870e26426,9673,0,0,0.8052262279216066,0.3844621513944223,0.8840361445783133,0.8181818181818182,1438.07,0,0.0,13.06,0.144902,0.0,44.31137796,0.0,15.96,15.96,1,129.6,4,13.4,0,0.148402,0.001425,0.146788,0.149555,0.146788,0.0,0.0,0.0,0.0,0.0,0.0,0.0,0.0,0.0,0.0,44.341005,0.091544,44.26693,44.44471,44.44471,0.0,0.0,0.0,0.0,0.0,0.0,0.0,0.0,0.0,0.0,False,False,False,False,False,False,False,True,True,False,False,False,False,False,True,False
faaaf4100b93c73aee3dceb030feb822,50074,31599,4454,0.6992499395112509,0.1394422310756972,0.9376075731497419,0.6881606765327696,4981.7,4454,0.0,129.61,0.1127529999999999,0.09641,40.606701,426.93,38.0,38.0,2,587.76,5,31.5,0,0.121046,0.004752,0.115738,0.125976,0.115738,0.100731,0.002425,0.098053,0.103395,0.098053,0.071766,0.00067,0.069793,0.072132,0.072078,40.67458,0.080214,40.565969,40.728885,40.728885,24.404747,0.048128,24.339581,24.43733,24.43733,16.269833,0.032086,16.226389,16.291555,16.291555,False,False,False,False,True,False,False,False,False,True,False,False,False,False,True,False
ae2bbeb4e8f14abbe8cdda9b66fd490d,13436,0,612,0.6985240745221388,0.13147410358565736,0.6211273666092944,0.6839323467230444,461.3,0,0.0,18.07,0.1458839999999999,0.0,44.31137796,0.0,30.98,30.98,1,45.27,5,15.0,0,0.149828,0.001926,0.147773,0.152235,0.147773,0.0,0.0,0.0,0.0,0.0,0.0,0.0,0.0,0.0,0.0,44.38545,0.087532,44.266931,44.44471,44.44471,0.0,0.0,0.0,0.0,0.0,0.0,0.0,0.0,0.0,0.0,False,False,False,False,True,False,False,False,True,False,False,False,False,False,True,False
53a53c7b5a3910a8d31abe59743fac3b,38432,23304,2523,0.17614323735785145,0.5637450199203188,0.9819277108433735,0.7272727272727273,1682.02,1042,30.0,132.12,0.157877,0.135732,41.1052014,139.91,27.15,27.15,4,110.26,11,15.001,1,0.126355,0.011556,0.118175,0.161006,0.161006,0.10548,0.010215,0.100491,0.137497,0.137497,0.075249,0.00735,0.071536,0.098101,0.098101,40.70267,0.184505,40.565969,41.228885,41.228885,24.438268,0.164528,24.339581,24.93733,24.93733,16.306069,0.156294,16.226389,16.791555,16.791555,True,False,False,False,False,False,False,False,False,True,False,False,False,True,False,False
a7893db459c76ed3bd649e5a9b3f16c6,1401,0,0,0.5666586015001209,0.50199203187251,0.9664371772805508,0.8826638477801269,208.1,0,0.0,17.54,0.141434,0.0,44.31137796,0.0,7.8,7.8,1,14.34,6,10.392,0,0.148555,0.003935,0.143306,0.151635,0.143306,0.0,0.0,0.0,0.0,0.0,0.0,0.0,0.0,0.0,0.0,44.29656,0.069201,44.26693,44.44471,44.44471,0.0,0.0,0.0,0.0,0.0,0.0,0.0,0.0,0.0,0.0,False,False,False,False,True,False,False,False,True,False,False,False,True,False,False,False
a505c5f422a50d4cbbe0db7a91b7d4e7,24328,0,0,0.5843213162351802,0.647410358565737,0.5195783132530121,0.959830866807611,0.0,0,0.0,138.95,0.1152369999999999,0.100123,41.27136420000001,0.0,61.84,61.84,1,0.0,6,33.0,0,0.124166,0.004202,0.119405,0.127566,0.119405,0.103691,0.002147,0.101259,0.105428,0.101259,0.073464,2.8e-05,0.073433,0.073487,0.073433,40.565972,2e-06,40.565969,40.565973,40.565973,24.339579,1e-06,24.339578,24.339581,24.339578,16.226385,3e-06,16.226383,16.226389,16.226383,False,False,False,False,True,False,False,False,True,False,False,False,True,False,False,False
aacd2e56e7c73d00911c86fff950c3fc,51321,0,0,0.5823856762642149,0.6314741035856574,0.9806368330464716,0.9492600422832981,489.65,0,0.0,16.74,0.143459,0.0,46.30537836,0.0,33.12,33.12,1,45.79,6,13.2,1,0.149489,0.003114,0.144292,0.151635,0.144292,0.0,0.0,0.0,0.0,0.0,0.0,0.0,0.0,0.0,0.0,44.26693,1e-06,44.26693,44.266931,44.26693,0.0,0.0,0.0,0.0,0.0,0.0,0.0,0.0,0.0,0.0,False,False,False,False,True,False,False,False,True,False,False,False,True,False,False,False
ec19d74d45403a6a43ce717387969bfb,74733,0,3116,0.838374062424389,0.5756972111553785,0.9462134251290878,0.919661733615222,3474.74,0,0.0,133.17,0.1152369999999999,0.100123,40.606701,0.0,6.53999999999999,6.53999999999999,1,380.37,3,34.5,0,0.124191,0.004501,0.118238,0.128069,0.118238,0.103776,0.002266,0.101093,0.105842,0.101781,0.073453,0.000378,0.073139,0.074205,0.074205,40.728885,0.0,40.728885,40.728885,40.728885,24.43733,0.0,24.43733,24.43733,24.43733,16.291555,0.0,16.291555,16.291555,16.291555,False,False,False,False,False,True,False,False,True,False,False,False,False,True,False,False
9dee033cbf2cac21f2953be9115879cc,6066,0,450,0.6114202758286958,0.14342629482071714,0.5436746987951807,0.6923890063424947,504.43,450,0.0,131.76,0.1169099999999999,0.100572,40.606701,44.75,40.38,40.38,1,63.41,6,19.8,0,0.125132,0.004636,0.119916,0.129444,0.119916,0.104818,0.00229,0.102232,0.106863,0.102232,0.075853,0.000627,0.075004,0.076311,0.076257,40.67458,0.080214,40.565969,40.728885,40.728885,24.404747,0.048128,24.339581,24.43733,24.43733,16.269833,0.032086,16.226389,16.291555,16.291555,False,False,True,False,False,False,False,False,True,False,False,False,True,False,False,False
2685f7cb5b099832f8b8439ace4cdf67,5287,0,0,0.6007742559883862,0.053784860557768925,0.5342082616179001,0.6437632135306554,799.66,0,0.0,15.89,0.146694,0.0,44.31137796,0.0,26.04,26.04,1,83.97,6,10.392,0,0.1507,0.002412,0.147983,0.153133,0.147983,0.0,0.0,0.0,0.0,0.0,0.0,0.0,0.0,0.0,0.0,44.26693,1e-06,44.26693,44.266931,44.26693,0.0,0.0,0.0,0.0,0.0,0.0,0.0,0.0,0.0,0.0,True,False,False,False,False,False,False,False,True,False,False,False,True,False,False,False
a020b85d573fa4fb1c2d11f972fe57e4,17841,0,0,0.8974110815388338,0.25697211155378485,0.8702667814113597,0.7547568710359408,1932.59,0,0.0,1.11,0.1640579999999999,0.086163,44.31137796,0.0,25.7,25.7,1,161.37,3,13.856,0,0.167915,0.002111,0.166057,0.170685,0.166057,0.086089,0.001688,0.083347,0.087421,0.086668,0.0,0.0,0.0,0.0,0.0,44.400265,0.080403,44.266931,44.44471,44.44471,0.0,0.0,0.0,0.0,0.0,0.0,0.0,0.0,0.0,0.0,False,False,False,False,False,False,True,False,True,False,False,False,False,True,False,False
c8873c62cf906a0561c843764e371bfe,64631,0,3972,0.787079603193806,0.13346613545816732,0.6998709122203098,0.6849894291754757,2571.12,1920,0.0,16.36,0.1634789999999999,0.086225,44.31137796,235.74,26.88,26.88,1,196.0,4,14.5,0,0.168017,0.002251,0.165476,0.170104,0.165476,0.086561,0.000736,0.085658,0.087483,0.08673,0.0,0.0,0.0,0.0,0.0,44.38545,0.087532,44.266931,44.44471,44.44471,0.0,0.0,0.0,0.0,0.0,0.0,0.0,0.0,0.0,0.0,False,False,False,False,False,True,False,False,True,False,False,False,True,False,False,False
a824a0a3a8e689eadca16d94a6d160cd,565,0,136,0.5891604161625937,0.6872509960159362,0.523881239242685,0.9788583509513742,53.68,136,0.0,16.4,0.165794,0.087899,44.31137796,12.38,26.04,26.04,1,8.63,6,10.392,0,0.169878,0.002445,0.167118,0.172468,0.167118,0.088423,0.000412,0.087881,0.088815,0.088062,0.0,0.0,0.0,0.0,0.0,44.26693,1e-06,44.26693,44.266931,44.26693,0.0,0.0,0.0,0.0,0.0,0.0,0.0,0.0,0.0,0.0,False,False,False,False,True,False,False,False,True,False,False,False,True,False,False,False
b3c2eef5077aff7dcfe327ffd9809ad1,151623,0,13413,0.7764335833534962,0.38645418326693226,0.8057228915662651,0.8192389006342494,3830.18,3167,0.0,18.27,0.140621,0.0,44.31137796,449.96,13.32,13.32,1,248.64,4,12.5,0,0.144973,0.002188,0.142494,0.146743,0.142494,0.0,0.0,0.0,0.0,0.0,0.0,0.0,0.0,0.0,0.0,44.341005,0.091544,44.26693,44.44471,44.44471,0.0,0.0,0.0,0.0,0.0,0.0,0.0,0.0,0.0,0.0,False,False,False,False,True,False,False,False,True,False,False,False,False,False,True,False
3db8cd91234004701736ed17c2c2a856,92406,0,8697,0.7921606581175902,0.1752988047808765,0.7043889845094664,0.7071881606765328,7794.92,8697,0.0,144.43,0.114017,0.097679,40.606701,739.15,50.56,50.56,1,800.63,4,64.0,0,0.121656,0.0041,0.117014,0.125175,0.117014,0.101342,0.001844,0.09933,0.103499,0.09933,0.072377,0.001474,0.070381,0.073409,0.073355,40.67458,0.080214,40.565969,40.728885,40.728885,24.404747,0.048128,24.339581,24.43733,24.43733,16.269833,0.032086,16.226389,16.291555,16.291555,False,False,False,False,True,False,False,False,True,False,False,False,False,False,True,False
64ac06b04c2a240156129bcc28eb8b45,357,0,0,0.7924026131139608,0.28286852589641437,0.8730636833046471,0.7674418604651163,50.87,0,0.0,19.31,0.140621,0.0,44.31137796,0.0,12.84,12.84,1,4.13,4,6.928,0,0.142623,0.002143,0.141019,0.146956,0.142494,0.0,0.0,0.0,0.0,0.0,0.0,0.0,0.0,0.0,0.0,41.777508,3.296205,38.043426,44.44471,44.44471,0.0,0.0,0.0,0.0,0.0,0.0,0.0,0.0,0.0,0.0,False,False,False,False,True,False,False,False,True,False,False,False,False,True,False,False
dd404573b48eccc99b0431317a4397de,2789,0,0,0.5826276312605855,0.6334661354581673,0.9808519793459552,0.952431289640592,417.66,0,0.0,16.36,0.144038,0.0,46.30537836,0.0,26.02,26.02,1,34.45,6,13.2,0,0.1492,0.003104,0.144869,0.151635,0.144869,0.0,0.0,0.0,0.0,0.0,0.0,0.0,0.0,0.0,0.0,44.26693,1e-06,44.26693,44.266931,44.26693,0.0,0.0,0.0,0.0,0.0,0.0,0.0,0.0,0.0,0.0,False,False,False,False,True,False,False,False,True,False,False,False,True,False,False,False
c9f75bd1a003294d3f8532a60e96f739,641891,21562,52312,0.8107911928381321,0.3286852589641434,0.8730636833046471,0.7917547568710359,7105.03,4140,0.0,0.0,0.114481,0.098142,40.606701,415.5,14.24,14.24,3,732.49,4,29.7,0,0.122338,0.004314,0.117479,0.126473,0.117479,0.101744,0.001782,0.099794,0.103801,0.099794,0.072262,0.001448,0.070653,0.073819,0.073819,40.728885,0.0,40.728885,40.728885,40.728885,24.43733,0.0,24.43733,24.43733,24.43733,16.291555,0.0,16.291555,16.291555,16.291555,False,False,False,False,True,False,False,False,False,True,False,False,False,False,True,False
d3c9e303aa9ed6776313656a7dab68d4,1731,0,0,0.5920638761190419,0.7111553784860558,0.98407917383821,0.9915433403805497,262.97,0,0.0,13.43,0.145541,0.0,44.31137796,0.0,28.8,28.8,2,28.3,6,11.5,0,0.150956,0.002741,0.147425,0.153739,0.147425,0.0,0.0,0.0,0.0,0.0,0.0,0.0,0.0,0.0,0.0,44.44471,0.0,44.44471,44.44471,44.44471,0.0,0.0,0.0,0.0,0.0,0.0,0.0,0.0,0.0,0.0,False,False,False,False,False,True,False,False,False,True,False,False,True,False,False,False
0563951ffe075443b3a0ec43962c4159,7259,0,691,0.7377207839341883,0.45617529880478086,0.9666523235800344,0.8562367864693446,758.89,691,0.0,119.31,0.1153599999999999,0.100243,40.9390266,69.67,27.79,27.79,1,104.67,4,18.0,0,0.126313,0.005938,0.118353,0.131032,0.118353,0.10626,0.003304,0.101898,0.108896,0.101898,0.076093,0.001163,0.074321,0.076955,0.074321,40.690033,0.224436,40.565969,41.062219,41.062219,24.447351,0.194965,24.339578,24.770664,24.770664,16.326012,0.180229,16.226383,16.624889,16.624889,False,False,False,False,True,False,False,False,True,False,False,False,False,False,True,False
a7fe8cf0c4f827bbdb990c1463f63c81,37804,2079,4545,0.8903943866440842,0.25697211155378485,0.9457831325301205,0.758985200845666,3887.25,4545,0.0,141.05,0.1151819999999999,0.098841,40.606701,455.57,40.0,40.0,2,439.14,3,43.65,0,0.123197,0.00444,0.118175,0.127053,0.118175,0.102687,0.001954,0.100491,0.10466,0.100491,0.073363,0.001231,0.071814,0.07457,0.074516,40.728885,0.0,40.728885,40.728885,40.728885,24.43733,0.0,24.43733,24.43733,24.43733,16.291555,0.0,16.291555,16.291555,16.291555,False,False,False,False,True,False,False,False,False,True,False,False,False,False,True,False
559a72590eb69f5d35299acf674472a2,5888,0,0,0.5850471812242923,0.6533864541832669,0.9808519793459552,0.9619450317124736,882.72,0,0.0,15.2,0.144038,0.0,45.30837756,0.0,15.0,15.0,1,83.1,6,13.164,0,0.1492,0.003104,0.144869,0.151635,0.144869,0.0,0.0,0.0,0.0,0.0,0.0,0.0,0.0,0.0,0.0,44.26693,1e-06,44.26693,44.266931,44.26693,0.0,0.0,0.0,0.0,0.0,0.0,0.0,0.0,0.0,0.0,False,False,False,False,True,False,False,False,True,False,False,False,False,False,True,False
f7fb864cd27b4008c7a006cd50aac4ce,237449,0,699,0.6706992499395112,0.6314741035856574,0.5963855421686747,0.9492600422832981,6020.5,0,0.0,19.56,0.1446309999999999,0.0,44.31137796,0.0,2.8,2.8,1,514.4,5,10.392,0,0.147696,0.002298,0.145093,0.149555,0.145093,0.0,0.0,0.0,0.0,0.0,0.0,0.0,0.0,0.0,0.0,44.266931,1e-06,44.26693,44.266931,44.26693,0.0,0.0,0.0,0.0,0.0,0.0,0.0,0.0,0.0,0.0,False,False,False,False,False,True,False,False,True,False,False,False,False,True,False,False
abf7969782632631974eaa711110b995,5566,15338,0,0.8093394628599081,0.37649402390438247,0.8831755593803786,0.8150105708245243,828.94,0,0.0,0.0,0.144902,0.0,44.31137796,0.0,14.22,14.22,2,88.15,4,12.0,0,0.148402,0.001425,0.146788,0.149555,0.146788,0.0,0.0,0.0,0.0,0.0,0.0,0.0,0.0,0.0,0.0,44.341005,0.091544,44.26693,44.44471,44.44471,0.0,0.0,0.0,0.0,0.0,0.0,0.0,0.0,0.0,0.0,False,False,False,False,True,False,False,False,False,True,False,False,False,False,True,False
e45dae2e529d63d3763f09a08d3b9f9d,668581,0,97512,0.6167432857488507,0.18725099601593626,0.548407917383821,0.7135306553911205,1068.75,647,0.0,97.98,0.1457109999999999,0.0,44.31137796,95.5,25.56,25.56,1,100.88,6,13.856,0,0.150649,0.002719,0.1476,0.153133,0.1476,0.0,0.0,0.0,0.0,0.0,0.0,0.0,0.0,0.0,0.0,44.370635,0.091544,44.26693,44.44471,44.44471,0.0,0.0,0.0,0.0,0.0,0.0,0.0,0.0,0.0,0.0,False,False,False,False,False,True,False,False,True,False,False,False,True,False,False,False
c4e5f64fa0d0b320ce057a8f31424b15,7068,0,0,0.6285990805710138,0.2848605577689243,0.5589500860585198,0.7684989429175476,1056.01,0,0.0,15.24,0.144902,0.0,44.31137796,0.0,22.52,22.52,1,106.8,6,13.85,0,0.148871,0.001862,0.146788,0.15125,0.146788,0.0,0.0,0.0,0.0,0.0,0.0,0.0,0.0,0.0,0.0,44.35582,0.092842,44.26693,44.44471,44.44471,0.0,0.0,0.0,0.0,0.0,0.0,0.0,0.0,0.0,0.0,False,False,False,False,True,False,False,False,True,False,False,False,False,False,True,False
693481c3844337eed094d7e3ade9eb99,21728,3784,0,0.8141785627873216,0.3565737051792829,0.9511617900172117,0.8044397463002114,2165.84,0,0.0,143.24,0.11634,0.099998,40.606701,0.0,20.4,20.4,2,264.86,4,26.4,0,0.124176,0.004273,0.119336,0.127634,0.119336,0.103583,0.001705,0.101652,0.104963,0.101652,0.074101,0.001391,0.072975,0.075677,0.075677,40.728885,0.0,40.728885,40.728885,40.728885,24.43733,0.0,24.43733,24.43733,24.43733,16.291555,0.0,16.291555,16.291555,16.291555,False,False,False,False,False,False,False,True,False,True,False,False,False,False,True,False
ae0d92b7860752005251615a034f885d,32671,15642,2397,0.7604645535930317,0.6434262948207171,0.9057659208261618,0.9556025369978859,3338.28,2397,0.0,128.92,0.1165089999999999,0.101397,40.606701,241.97,0.7999999999999989,0.7999999999999989,3,435.13,4,18.0,0,0.123491,0.003717,0.118272,0.1264,0.121139,0.103014,0.001814,0.100111,0.104263,0.102994,0.072783,0.001114,0.072268,0.075167,0.075167,40.565972,2e-06,40.565969,40.565973,40.565973,24.339579,1e-06,24.339578,24.339581,24.339578,16.226385,3e-06,16.226383,16.226389,16.226383,False,False,False,False,True,False,False,False,False,True,False,False,False,False,True,False
0b74a7bf9d22e79df78babdd950934cc,1936,0,0,0.6285990805710138,0.2848605577689243,0.5589500860585198,0.7684989429175476,288.49,0,0.0,25.35,0.144902,0.0,44.31137796,0.0,22.38,22.38,1,27.48,6,12.1,0,0.148871,0.001862,0.146788,0.15125,0.146788,0.0,0.0,0.0,0.0,0.0,0.0,0.0,0.0,0.0,0.0,44.35582,0.092842,44.26693,44.44471,44.44471,0.0,0.0,0.0,0.0,0.0,0.0,0.0,0.0,0.0,0.0,False,False,False,False,False,True,False,False,True,False,False,False,False,False,True,False
0383bc37337e8031e4e9bcb1d5be882b,46747,0,0,0.5531091217033631,0.3904382470119522,0.49182444061962133,0.8224101479915433,848.16,0,0.0,6.91,0.144902,0.0,44.31137796,0.0,15.72,15.72,1,78.06,6,13.2,0,0.148698,0.00189,0.145749,0.150211,0.146788,0.0,0.0,0.0,0.0,0.0,0.0,0.0,0.0,0.0,0.0,44.32619,0.087533,44.26693,44.44471,44.44471,0.0,0.0,0.0,0.0,0.0,0.0,0.0,0.0,0.0,0.0,False,False,False,False,True,False,False,False,True,False,False,False,True,False,False,False
6067d21b53f33203396f96919f42def0,12218,7772,1662,0.892088071618679,0.27091633466135456,0.9408347676419966,0.7684989429175476,1819.64,1662,0.0,17.52,0.144558,0.0,44.31137796,241.94,23.4,23.4,3,154.31,3,10.392,1,0.149284,0.002551,0.146439,0.151966,0.146439,0.0,0.0,0.0,0.0,0.0,0.0,0.0,0.0,0.0,0.0,44.44471,0.0,44.44471,44.44471,44.44471,0.0,0.0,0.0,0.0,0.0,0.0,0.0,0.0,0.0,0.0,False,False,False,False,True,False,False,False,False,True,False,False,False,False,True,False
401fb9c603f0a83e3390bd041d48b705,78185,0,8545,0.5632712315509315,0.47410358565737054,0.9664371772805508,0.8678646934460887,1853.95,2204,0.0,132.21,0.114667,0.099548,40.606701,208.56,22.2,22.2,1,218.19,6,46.2,0,0.123424,0.004558,0.117658,0.127566,0.117658,0.103357,0.001996,0.101093,0.105428,0.101201,0.073172,0.000538,0.072322,0.073625,0.073625,40.633852,0.083889,40.565969,40.728885,40.728885,24.380309,0.050334,24.339578,24.43733,24.43733,16.25354,0.033557,16.226383,16.291555,16.291555,True,False,False,False,False,False,False,False,True,False,False,False,True,False,False,False
a7ad0d95b54892617dd1a30b320076fb,4880,0,0,0.7108637793370433,0.30677290836653387,0.9541738382099828,0.7420718816067653,834.77,0,30.0,27.86,0.2292719999999999,0.116714,45.80687796,0.0,30.9,30.9,2,42.21,5,10.392,0,0.207436,0.031376,0.171942,0.236095,0.231467,0.105211,0.015222,0.08797,0.118064,0.117311,0.0,0.0,0.0,0.0,0.0,45.245635,0.863936,44.266931,45.94471,45.94471,0.0,0.0,0.0,0.0,0.0,0.0,0.0,0.0,0.0,0.0,False,False,False,False,True,False,False,False,True,False,False,False,False,False,True,False
a73deebb6c51532ad928b457388dfe95,29373,0,1727,0.8260343576094846,0.4541832669322709,0.9666523235800344,0.8551797040169133,2964.69,1727,0.0,129.98,0.1151819999999999,0.098841,40.606701,164.64,11.06,11.06,1,337.64,3,23.0,0,0.125009,0.005278,0.118175,0.12923,0.118175,0.104584,0.003057,0.100491,0.107004,0.100491,0.074724,0.000366,0.073719,0.074934,0.074516,40.728885,0.0,40.728885,40.728885,40.728885,24.43733,0.0,24.43733,24.43733,24.43733,16.291555,0.0,16.291555,16.291555,16.291555,False,False,False,False,True,False,False,False,True,False,False,False,False,False,True,False
3bb5363dd76f7131159d6414c42a7cce,4514,0,0,0.597870796031938,0.029880478087649404,0.9905335628227194,0.63107822410148,528.79,0,0.0,16.43,0.161748,0.08385,44.31137796,0.0,34.68,34.68,1,55.96,6,13.856,0,0.169602,0.003113,0.163081,0.172468,0.163081,0.088008,0.001324,0.08401,0.088815,0.08401,0.0,0.0,0.0,0.0,0.0,44.26693,1e-06,44.26693,44.266931,44.26693,0.0,0.0,0.0,0.0,0.0,0.0,0.0,0.0,0.0,0.0,True,False,False,False,False,False,False,False,True,False,False,False,True,False,False,False
32302714336600b283cb69b16e65a481,6788,0,0,0.7604645535930317,0.6434262948207171,0.6762048192771084,0.9556025369978859,650.29,0,0.0,117.52,0.1165089999999999,0.101397,40.9390266,0.0,21.66,21.66,1,101.31,4,20.785,0,0.127632,0.004202,0.122871,0.131032,0.122871,0.107159,0.002147,0.104727,0.108896,0.104727,0.076932,2.8e-05,0.076901,0.076955,0.076901,40.565972,2e-06,40.565969,40.565973,40.565973,24.339579,1e-06,24.339578,24.339581,24.339578,16.226385,3e-06,16.226383,16.226389,16.226383,False,False,False,False,True,False,False,False,True,False,False,False,False,False,True,False
9758fd0ca1ac51f4c2ecb22a1a36c2b7,12999,0,1332,0.7299782240503266,0.39243027888446214,0.9462134251290878,0.8224101479915433,1273.71,1332,0.0,125.35,0.1169099999999999,0.100572,40.606701,127.43,17.34,17.34,1,169.7,4,19.8,0,0.12501,0.004609,0.119573,0.129444,0.119916,0.104392,0.002264,0.100968,0.106863,0.102232,0.074836,0.001289,0.073207,0.076257,0.076257,40.620276,0.080213,40.565969,40.728885,40.728885,24.372163,0.048129,24.339578,24.43733,24.43733,16.248109,0.032087,16.226383,16.291555,16.291555,False,False,False,False,True,False,False,False,True,False,False,False,False,False,True,False
f05926d18c3cba33f452772165d3e7b1,9564,0,0,0.5724655214130172,0.549800796812749,0.5090361445783133,0.9069767441860465,1436.04,0,0.0,14.68,0.146348,0.0,45.30837756,0.0,14.68,14.68,1,138.65,6,10.392,0,0.14977,0.002353,0.146033,0.151635,0.148239,0.007124,0.024677,0.0,0.085483,0.0,0.0,0.0,0.0,0.0,0.0,44.365079,0.339996,44.26693,45.44471,45.44471,0.0,0.0,0.0,0.0,0.0,0.0,0.0,0.0,0.0,0.0,True,False,False,False,False,False,False,False,True,False,False,False,True,False,False,False
564e4fab41d22836350aaf40d0a89ae7,5780,0,601,0.7040890394386644,0.17928286852589642,0.9451376936316696,0.7093023255813954,314.56,199,0.0,15.86,0.1457109999999999,0.0,44.31137796,29.32,21.48,21.48,1,32.84,5,10.392,0,0.15056,0.002647,0.1476,0.153133,0.1476,0.0,0.0,0.0,0.0,0.0,0.0,0.0,0.0,0.0,0.0,44.38545,0.087532,44.266931,44.44471,44.44471,0.0,0.0,0.0,0.0,0.0,0.0,0.0,0.0,0.0,0.0,False,False,False,False,True,False,False,False,True,False,False,False,False,False,True,False
d3603ac2e8c8f2ef2d109573ab9e4583,6477,0,963,0.5920638761190419,0.04780876494023904,0.5264629948364888,0.6416490486257929,639.87,963,0.0,138.84,0.1169,0.1000149999999999,40.606701,93.4,37.44,37.44,1,71.61,6,15.001,1,0.124338,0.003976,0.119906,0.128067,0.119906,0.103794,0.001989,0.101673,0.105842,0.101673,0.07316,0.001368,0.070232,0.073773,0.073719,40.701732,0.063415,40.565969,40.728885,40.728885,24.421038,0.038049,24.339581,24.43733,24.43733,16.280694,0.025366,16.226389,16.291555,16.291555,False,False,False,False,True,False,False,False,True,False,False,False,True,False,False,False
18581cd61df4f7b3ee2741704de7d05f,1521,0,126,0.593515606097266,0.7231075697211156,0.5277538726333907,0.9978858350951374,147.22,126,0.0,131.54,0.1169,0.1000149999999999,40.606701,11.97,43.08,43.08,1,16.42,6,17.25,0,0.124041,0.004115,0.119403,0.127564,0.119403,0.10357,0.00208,0.101259,0.105428,0.101259,0.073193,0.000933,0.070232,0.073487,0.073433,40.565972,2e-06,40.565969,40.565973,40.565973,24.339579,1e-06,24.339578,24.339581,24.339578,16.226385,3e-06,16.226383,16.226389,16.226383,True,False,False,False,False,False,False,False,True,False,False,False,True,False,False,False
8ddd0f1d104324f1ab762d248eb41c40,13994,0,331,0.6631986450520203,0.5697211155378487,0.9808519793459552,0.9164904862579282,1389.61,331,0.0,125.35,0.114667,0.099548,40.606701,31.19,3.72,3.72,1,172.01,5,19.8,0,0.123974,0.004463,0.117658,0.127566,0.117658,0.103639,0.002217,0.100689,0.105428,0.101201,0.073432,0.000191,0.072846,0.073625,0.073625,40.579548,0.047029,40.565969,40.728885,40.728885,24.347725,0.028218,24.339578,24.43733,24.43733,16.231816,0.018813,16.226383,16.291555,16.291555,False,False,False,False,True,False,False,False,True,False,False,False,False,False,True,False
9ddc0b2f039d719db7d57b6d49ceecf2,90714,0,6493,0.894265666586015,0.28884462151394424,0.9808519793459552,0.7674418604651163,316.96,232,0.0,131.54,0.1169099999999999,0.100572,40.606701,22.74,23.72,23.72,1,39.95,3,15.001,0,0.12536,0.004821,0.119916,0.129444,0.119916,0.104895,0.002354,0.102232,0.106863,0.102232,0.075635,0.000659,0.075004,0.076311,0.076257,40.647428,0.08508,40.565969,40.728885,40.728885,24.388455,0.051048,24.339578,24.43733,24.43733,16.258971,0.034032,16.226383,16.291555,16.291555,False,False,False,False,True,False,False,False,True,False,False,False,False,True,False,False
9664461354cf3d3b2423627142e8c499,6120,0,0,0.8560367771594484,0.6992031872509961,0.9842943201376936,0.985200845665962,472.7,0,0.0,15.98,0.142995,0.0,44.31137796,0.0,34.68,34.68,1,45.96,3,13.856,0,0.148969,0.003266,0.144292,0.151635,0.144292,0.0,0.0,0.0,0.0,0.0,0.0,0.0,0.0,0.0,0.0,44.26693,1e-06,44.26693,44.266931,44.26693,0.0,0.0,0.0,0.0,0.0,0.0,0.0,0.0,0.0,0.0,False,False,True,False,False,False,False,False,True,False,False,False,False,True,False,False
77260ba900bf674b5e504faad5f44117,25269,0,2253,0.6111783208323252,0.14143426294820718,0.5434595524956971,0.6923890063424947,1206.1,1630,0.0,132.14,0.1169099999999999,0.100572,40.606701,158.9,32.18,32.18,1,141.93,6,19.8,0,0.125132,0.004636,0.119916,0.129444,0.119916,0.104818,0.00229,0.102232,0.106863,0.102232,0.075853,0.000627,0.075004,0.076311,0.076257,40.67458,0.080214,40.565969,40.728885,40.728885,24.404747,0.048128,24.339581,24.43733,24.43733,16.269833,0.032086,16.226389,16.291555,16.291555,False,False,False,False,True,False,False,False,True,False,False,False,True,False,False,False
06fdfe2ae275e62d8ec9d2e5d6fe86ac,236037,195783,21485,0.5855310912170336,0.2450199203187251,0.8577882960413081,0.7473572938689218,3385.41,2416,0.0,143.62,0.115174,0.098837,40.606701,235.86,15.9,15.9,2,371.89,6,15.001,0,0.123004,0.004263,0.118175,0.126473,0.118175,0.102493,0.001784,0.100491,0.10466,0.100491,0.07317,0.001416,0.071814,0.07457,0.074516,40.728885,0.0,40.728885,40.728885,40.728885,24.43733,0.0,24.43733,24.43733,24.43733,16.291555,0.0,16.291555,16.291555,16.291555,True,False,False,False,False,False,False,False,False,True,False,False,False,False,True,False
4f39917c09dce904aa2a5a9f9daa6739,26095,0,1030,0.6721509799177353,0.6434262948207171,0.9808519793459552,0.9556025369978859,1755.59,0,0.0,19.26,0.143478,0.0,44.31137796,0.0,3.7,3.7,1,134.28,5,13.856,0,0.150802,0.00288,0.146264,0.153048,0.146264,0.0,0.0,0.0,0.0,0.0,0.0,0.0,0.0,0.0,0.0,44.44471,0.0,44.44471,44.44471,44.44471,0.0,0.0,0.0,0.0,0.0,0.0,0.0,0.0,0.0,0.0,True,False,False,False,False,False,False,False,True,False,False,False,False,True,False,False
b58d11d114b102e37815be5029db0971,220184,0,36138,0.6259375756109363,0.13147410358565736,0.5565834767641996,0.6839323467230444,2348.41,2089,0.0,35.34,0.1640579999999999,0.086163,44.31137796,235.43,19.28,19.28,1,176.42,6,10.392,0,0.168388,0.002103,0.166057,0.170685,0.166057,0.086297,0.001014,0.084991,0.087421,0.086668,0.0,0.0,0.0,0.0,0.0,44.38545,0.087532,44.266931,44.44471,44.44471,0.0,0.0,0.0,0.0,0.0,0.0,0.0,0.0,0.0,0.0,False,False,False,False,False,True,False,False,True,False,False,False,False,True,False,False
9574ad98b8d3827f3e551eb1b39b6e7f,7199,0,0,0.5952092910718606,0.00796812749003984,0.9903184165232358,0.6268498942917548,1088.89,0,0.0,15.48,0.144963,0.0,44.31137796,0.0,33.12,33.12,1,111.84,6,13.2,0,0.150907,0.002416,0.146845,0.153133,0.146845,0.0,0.0,0.0,0.0,0.0,0.0,0.0,0.0,0.0,0.0,44.370635,0.091544,44.26693,44.44471,44.44471,0.0,0.0,0.0,0.0,0.0,0.0,0.0,0.0,0.0,0.0,False,False,False,False,True,False,False,False,True,False,False,False,True,False,False,False
dcdbefa9f1164b065bc4838b37b3efc5,22483,0,3604,0.5613355915799662,0.4581673306772908,0.4991394148020654,0.857293868921776,3302.81,3604,0.0,0.0,0.142819,0.0,44.31137796,521.5,11.95,11.95,1,255.17,6,13.856,0,0.146789,0.002098,0.144015,0.148477,0.144699,0.0,0.0,0.0,0.0,0.0,0.0,0.0,0.0,0.0,0.0,44.311375,0.080404,44.26693,44.44471,44.44471,0.0,0.0,0.0,0.0,0.0,0.0,0.0,0.0,0.0,0.0,False,False,False,False,True,False,False,False,True,False,False,False,True,False,False,False
908e2f805c2b17369d7bc7077f6dc8a7,3995,0,519,0.8279699975804501,0.4701195219123506,0.8539156626506024,0.8699788583509513,600.02,519,0.0,16.27,0.146694,0.0,44.31137796,76.92,30.11,30.11,1,62.28,3,13.164,0,0.150189,0.00212,0.148586,0.153048,0.148586,0.0,0.0,0.0,0.0,0.0,0.0,0.0,0.0,0.0,0.0,44.400265,0.080403,44.266931,44.44471,44.44471,0.0,0.0,0.0,0.0,0.0,0.0,0.0,0.0,0.0,0.0,False,False,False,False,False,False,False,True,True,False,False,False,False,False,True,False
4f8a5eb52845b9ac8ca6c48cc7494ea6,30616,0,9859,0.8335349624969756,0.5159362549800797,0.7411790017211703,0.8879492600422833,4533.56,9859,0.0,6.63,0.1446309999999999,0.0,44.31137796,1437.76,9.6,9.6,1,394.52,3,14.49,0,0.147933,0.002059,0.145093,0.149555,0.146517,0.0,0.0,0.0,0.0,0.0,0.0,0.0,0.0,0.0,0.0,44.29656,0.069201,44.26693,44.44471,44.44471,0.0,0.0,0.0,0.0,0.0,0.0,0.0,0.0,0.0,0.0,False,False,False,False,True,False,False,False,True,False,False,False,False,False,True,False
6aacfe58df4bd1419fa8e9d3ad38b6b7,3155,0,0,0.6690055649649165,0.6175298804780877,0.9808519793459552,0.9418604651162791,473.52,0,0.0,15.98,0.144039,0.0,45.80687796,0.0,21.58,21.58,1,39.16,5,13.856,0,0.149721,0.003555,0.144524,0.152445,0.144524,0.0,0.0,0.0,0.0,0.0,0.0,0.0,0.0,0.0,0.0,44.26693,1e-06,44.26693,44.266931,44.26693,0.0,0.0,0.0,0.0,0.0,0.0,0.0,0.0,0.0,0.0,True,False,False,False,False,False,False,False,True,False,False,False,False,True,False,False
3507f4d0037d2cb32663b8c7e1323216,1634,0,0,0.5826276312605855,0.6334661354581673,0.9808519793459552,0.952431289640592,244.48,0,0.0,18.38,0.144038,0.0,46.30537836,0.0,32.41,32.41,1,22.97,6,13.2,0,0.149392,0.002875,0.144869,0.151635,0.144869,0.0,0.0,0.0,0.0,0.0,0.0,0.0,0.0,0.0,0.0,44.26693,1e-06,44.26693,44.266931,44.26693,0.0,0.0,0.0,0.0,0.0,0.0,0.0,0.0,0.0,0.0,True,False,False,False,False,False,False,False,True,False,False,False,True,False,False,False
98a24e17c872dca42d3dbfe2bae4965d,118874,0,9977,0.6307766755383498,0.30278884462151395,0.5608864027538726,0.7801268498942917,570.21,942,0.0,132.17,0.115174,0.098837,40.606701,85.65,31.48,31.48,1,66.2,6,19.9,0,0.122756,0.004045,0.118175,0.126336,0.118175,0.10229,0.001627,0.100491,0.10466,0.100491,0.07303,0.001561,0.071536,0.07457,0.074516,40.647428,0.08508,40.565969,40.728885,40.728885,24.388455,0.051048,24.339578,24.43733,24.43733,16.258971,0.034032,16.226383,16.291555,16.291555,False,False,False,False,False,True,False,False,True,False,False,False,False,True,False,False
1fad653775eb3d37d4ca6bd8afb8a45b,5008,0,0,0.7503024437454634,0.5597609561752988,0.6671686746987951,0.9112050739957717,757.55,0,0.0,6.45,0.147506,0.0,45.30837756,0.0,14.1,14.1,1,84.58,4,11.0,0,0.150704,0.002185,0.147983,0.152445,0.1494,0.0,0.0,0.0,0.0,0.0,0.0,0.0,0.0,0.0,0.0,44.365079,0.339996,44.26693,45.44471,45.44471,0.0,0.0,0.0,0.0,0.0,0.0,0.0,0.0,0.0,0.0,False,False,False,False,True,False,False,False,True,False,False,False,False,False,True,False
0b85d500d01e487cb6141daba0a7aa26,21004,0,0,0.834018872489717,0.5199203187250996,0.9666523235800344,0.8900634249471459,3104.77,0,0.0,18.52,0.144058,0.0,44.31137796,0.0,9.2,9.2,1,267.08,3,13.856,0,0.147934,0.002483,0.144292,0.149902,0.145937,0.0,0.0,0.0,0.0,0.0,0.0,0.0,0.0,0.0,0.0,44.32619,0.087533,44.26693,44.44471,44.44471,0.0,0.0,0.0,0.0,0.0,0.0,0.0,0.0,0.0,0.0,False,False,False,False,True,False,False,False,True,False,False,False,False,False,True,False
2817e3d4265304e73b56915b1100ce9b,16140,0,1140,0.8536172271957416,0.6812749003984063,0.9903184165232358,0.9756871035940803,1803.78,1140,0.0,146.07,0.1163299999999999,0.099441,40.606701,118.92,31.8,31.8,1,186.63,3,21.2,0,0.127067,0.00813,0.119389,0.146033,0.119389,0.103394,0.006677,0.085483,0.108896,0.101245,0.068556,0.021653,0.0,0.076955,0.073419,40.874385,1.068375,40.565969,44.26693,40.565973,22.311281,7.026231,0.0,24.339581,24.339578,14.874187,4.684154,0.0,16.226389,16.226383,False,False,False,False,False,False,False,True,True,False,False,False,False,False,True,False
438ff70c777278f67dfd3be8710a800c,8635,11659,791,0.8521654972175176,0.07171314741035857,0.8502581755593803,0.6564482029598309,456.99,0,0.0,37.59,0.161743,0.083849,44.31137796,0.0,25.17,25.17,2,55.29,3,10.392,0,0.165418,0.002208,0.163071,0.167699,0.163071,0.083929,0.00114,0.081612,0.084769,0.084016,0.0,0.0,0.0,0.0,0.0,44.26693,1e-06,44.26693,44.266931,44.26693,0.0,0.0,0.0,0.0,0.0,0.0,0.0,0.0,0.0,0.0,False,False,False,False,False,False,False,True,False,True,False,False,False,False,True,False
68e161f43a8cb93dbc62f44a790ebbd7,7855,19496,0,0.7749818533752721,0.13147410358565736,0.9345955249569707,0.6564482029598309,1471.09,0,24.0,39.53,0.19923,0.0,45.80687796,0.0,30.56,30.56,2,613.15,4,10.392,0,0.191781,0.021095,0.153159,0.205742,0.20128,0.033133,0.059958,0.0,0.136444,0.0,0.024307,0.043988,0.0,0.09872,0.0,44.738268,2.182913,41.06397,45.94471,45.94471,6.217708,11.248283,0.0,24.93733,0.0,4.186694,7.574033,0.0,16.791555,0.0,False,False,False,False,True,False,False,False,False,True,False,False,False,False,True,False
7a29cd66cdd209f8bb1b39a0b9c52ecd,110568,0,7230,0.5877086861843697,0.6752988047808764,0.9406196213425129,0.9725158562367865,1844.84,861,0.0,142.84,0.1169019999999999,0.1000149999999999,40.606701,86.71,22.44,22.44,1,199.29,6,15.001,0,0.124043,0.004115,0.119405,0.127566,0.119405,0.10357,0.00208,0.101259,0.105428,0.101259,0.073193,0.000933,0.070232,0.073487,0.073433,40.565972,2e-06,40.565969,40.565973,40.565973,24.339579,1e-06,24.339578,24.339581,24.339578,16.226385,3e-06,16.226383,16.226389,16.226383,False,False,False,False,True,False,False,False,True,False,False,False,False,True,False,False
f64db891ade1442c2f6ad8a680d69939,763,0,0,0.5141543672876845,0.6733067729083665,0.8788726333907056,0.9714587737843552,63.36,0,0.0,132.39,0.092453,0.086393,59.17346796,0.0,0.0,0.0,1,5.12,7,5.0,0,0.104044,0.002984,0.100664,0.106459,0.100664,0.092514,0.001604,0.090697,0.093812,0.090697,0.065678,0.0,0.065678,0.065678,0.065678,59.173468,0.0,59.173468,59.173468,59.173468,36.490689,0.0,36.490689,36.490689,36.490689,8.367731,0.0,8.367731,8.367731,8.367731,True,False,False,False,False,False,False,False,True,False,False,False,False,True,False,False
0c67b204472f42718da20af4daed4452,12831,0,1057,0.8787805468182918,0.16135458167330677,0.995697074010327,0.6997885835095138,1374.04,1057,0.0,138.79,0.116339,0.099997,40.606701,106.96,24.38,24.38,1,153.79,3,15.01,0,0.124551,0.004676,0.119335,0.129444,0.119335,0.104237,0.002369,0.101651,0.106863,0.101651,0.075272,0.000872,0.072682,0.07573,0.075676,40.67458,0.080214,40.565969,40.728885,40.728885,24.404747,0.048128,24.339581,24.43733,24.43733,16.269833,0.032086,16.226389,16.291555,16.291555,False,False,False,False,True,False,False,False,True,False,False,False,False,True,False,False
ed5fe9e1e61f51cd4448a7123818a7c6,26074,4440,1881,0.8028066779578998,0.26294820717131473,0.9457831325301205,0.758985200845666,2496.39,1881,0.0,129.71,0.11634,0.099998,40.606701,183.98,15.84,15.84,3,290.2,4,17.320999999999998,0,0.125022,0.005048,0.119336,0.129444,0.119336,0.104557,0.002582,0.101652,0.106863,0.101652,0.075297,0.000437,0.074424,0.075731,0.075677,40.647428,0.08508,40.565969,40.728885,40.728885,24.388455,0.051048,24.339578,24.43733,24.43733,16.258971,0.034032,16.226383,16.291555,16.291555,False,False,False,False,True,False,False,False,False,True,False,False,False,False,True,False
e2a6f7d57eeb58cd9999641d585205cb,63,4090,0,0.7314299540285507,0.5,0.830895008605852,0.8847780126849895,9.29,0,0.0,15.3,0.1457109999999999,0.0,44.31137796,0.0,7.8,7.8,3,0.86,4,10.392,0,0.147775,0.001681,0.144363,0.148825,0.1476,0.0,0.0,0.0,0.0,0.0,0.0,0.0,0.0,0.0,0.0,44.311375,0.080404,44.26693,44.44471,44.44471,0.0,0.0,0.0,0.0,0.0,0.0,0.0,0.0,0.0,0.0,False,False,False,False,True,False,False,False,False,True,False,False,False,False,True,False
4da660cb181324e74a01d45ccb299c77,12459,0,720,0.624727800629083,0.25298804780876494,0.9457831325301205,0.758985200845666,1266.22,720,0.0,439.67,0.11634,0.099998,40.606701,73.02,26.08,26.08,1,98.2,6,16.5,1,0.124924,0.004959,0.119336,0.129444,0.119336,0.104458,0.002495,0.101652,0.106863,0.101652,0.075198,0.000554,0.074417,0.075731,0.075677,40.647428,0.085079,40.565969,40.728885,40.728885,24.388455,0.051049,24.339578,24.43733,24.43733,16.25897,0.034033,16.226383,16.291555,16.291555,False,False,False,False,True,False,False,False,True,False,False,False,False,False,True,False
7a8a93352609720bc42db069c3c775a1,15282,0,0,0.5606097265908541,0.45219123505976094,0.9500860585197934,0.854122621564482,1229.05,0,0.0,129.98,0.115174,0.098837,40.606701,0.0,24.11,24.11,1,157.53,6,35.0,0,0.123858,0.0046,0.118175,0.127566,0.118175,0.103499,0.002397,0.100491,0.105428,0.100491,0.073735,0.000471,0.073433,0.074516,0.074516,40.6067,0.073681,40.565969,40.728885,40.728885,24.364017,0.044209,24.339578,24.43733,24.43733,16.242678,0.029474,16.226383,16.291555,16.291555,True,False,False,False,False,False,False,False,True,False,False,False,True,False,False,False
e5e569380614fd350f773ce4e3d01c93,6063,0,329,0.5581901766271473,0.5059760956175299,0.818631669535284,0.8847780126849895,685.9,329,0.0,16.36,0.161165,0.083909,44.31137796,43.47,7.8,7.8,1,51.15,6,10.392,0,0.165939,0.002418,0.163155,0.167895,0.163155,0.083919,0.000408,0.083171,0.084407,0.084407,0.0,0.0,0.0,0.0,0.0,44.311375,0.080404,44.26693,44.44471,44.44471,0.0,0.0,0.0,0.0,0.0,0.0,0.0,0.0,0.0,0.0,False,False,False,False,True,False,False,False,True,False,False,False,True,False,False,False
2cb6ac64ad7fbbc056a671ed14d9d0ab,1462,0,142,0.6198887007016695,0.21314741035856574,0.5512048192771084,0.7463002114164905,146.92,142,0.0,132.49,0.1169099999999999,0.100572,40.606701,14.04,27.15,27.15,1,18.58,6,15.001,0,0.125246,0.004731,0.119916,0.129444,0.119916,0.104856,0.002323,0.102232,0.106863,0.102232,0.075744,0.000653,0.075004,0.076311,0.076257,40.661004,0.08389,40.565969,40.728885,40.728885,24.396601,0.050334,24.339581,24.43733,24.43733,16.264402,0.033556,16.226389,16.291555,16.291555,False,False,False,False,False,False,False,True,True,False,False,False,True,False,False,False
dceef91a45c19b6b54ee7454b31865bc,4477,0,350,0.6056133559157997,0.40836653386454186,0.9565404475043029,0.8308668076109936,452.02,350,0.0,123.04,0.114603,0.098261,40.606701,34.24,16.86,16.86,1,52.62,6,15.001,0,0.12443,0.005835,0.117594,0.129444,0.117594,0.103812,0.003425,0.09991,0.106863,0.09991,0.074256,0.000899,0.072628,0.075004,0.073935,40.620276,0.080213,40.565969,40.728885,40.728885,24.372163,0.048129,24.339578,24.43733,24.43733,16.248109,0.032087,16.226383,16.291555,16.291555,False,False,False,False,True,False,False,False,True,False,False,False,True,False,False,False
d1922b4a9657a7ec9a28d4431264ad5d,12254,0,0,0.7720783934188241,0.05976095617529881,0.9907487091222031,0.6564482029598309,2263.02,0,28.0,19.68,0.186188,0.0,45.80687796,0.0,39.48,39.48,1,206.53,4,13.15,0,0.189418,0.002206,0.187438,0.1919,0.187438,0.0,0.0,0.0,0.0,0.0,0.0,0.0,0.0,0.0,0.0,45.76093,1e-06,45.76093,45.760931,45.76093,0.0,0.0,0.0,0.0,0.0,0.0,0.0,0.0,0.0,0.0,False,False,False,False,True,False,False,False,True,False,False,False,False,False,True,False
d3b5297e5580ecaf1e31044f5cdcf3c2,18497,0,1524,0.6902976046455359,0.05976095617529881,0.6138123924268503,0.6564482029598309,1874.32,1524,0.0,56.27,0.1169,0.1000149999999999,40.606701,153.85,36.36,36.36,1,185.92,5,24.25,1,0.124338,0.003976,0.119906,0.128067,0.119906,0.103794,0.001989,0.101673,0.105842,0.101673,0.07316,0.001368,0.070232,0.073773,0.073719,40.701732,0.063415,40.565969,40.728885,40.728885,24.421038,0.038049,24.339581,24.43733,24.43733,16.280694,0.025366,16.226389,16.291555,16.291555,False,False,True,False,False,False,False,False,True,False,False,False,True,False,False,False
daba6fcdd413409c4228223091f563a6,2430,0,194,0.7565932736511009,0.6115537848605578,0.9808519793459552,0.9386892177589852,250.37,194,0.0,131.76,0.115939,0.100823,41.27136420000001,19.39,29.37,29.37,1,30.78,4,15.2,0,0.127171,0.00444,0.122317,0.131032,0.122317,0.106846,0.002364,0.104157,0.108896,0.104157,0.076771,0.000293,0.076315,0.076955,0.076315,40.565972,2e-06,40.565969,40.565973,40.565973,24.339579,1e-06,24.339578,24.339581,24.339578,16.226385,3e-06,16.226383,16.226389,16.226383,False,False,False,False,False,False,False,True,True,False,False,False,True,False,False,False
aec5bcd24f5a47387e9f7daca0fb3bf2,51386,0,0,0.5685942414710864,0.5179282868525896,0.5055938037865749,0.8890063424947146,2038.97,0,0.0,65.61,0.1446309999999999,0.0,44.31137796,0.0,10.0,10.0,1,175.58,6,15.0,0,0.147933,0.002059,0.145093,0.149555,0.146517,0.0,0.0,0.0,0.0,0.0,0.0,0.0,0.0,0.0,0.0,44.29656,0.069201,44.26693,44.44471,44.44471,0.0,0.0,0.0,0.0,0.0,0.0,0.0,0.0,0.0,0.0,True,False,False,False,False,False,False,False,True,False,False,False,True,False,False,False
65f9195bb052c61c5469a8e916d8b7de,1452,6159,0,0.6331962255020566,0.32270916334661354,0.8730636833046471,0.7854122621564482,217.46,0,0.0,18.42,0.1457109999999999,0.0,44.31137796,0.0,17.62,17.62,2,21.48,6,12.5,1,0.14976,0.002082,0.1476,0.151966,0.1476,0.0,0.0,0.0,0.0,0.0,0.0,0.0,0.0,0.0,0.0,44.44471,0.0,44.44471,44.44471,44.44471,0.0,0.0,0.0,0.0,0.0,0.0,0.0,0.0,0.0,0.0,False,False,False,False,True,False,False,False,False,True,False,False,False,False,True,False
62932e244864b3171ef290b2ac6ea185,8655,0,872,0.5995644810065328,0.043824701195219126,0.5331325301204819,0.6416490486257929,907.43,872,0.0,140.15,0.120372,0.103487,40.606701,89.86,82.44,82.44,1,114.71,6,33.0,0,0.127914,0.004028,0.123388,0.131549,0.123388,0.10737,0.002011,0.105155,0.109324,0.105155,0.076736,0.001149,0.074278,0.077255,0.077201,40.701732,0.063415,40.565969,40.728885,40.728885,24.421038,0.038049,24.339581,24.43733,24.43733,16.280694,0.025366,16.226389,16.291555,16.291555,True,False,False,False,False,False,False,False,True,False,False,False,True,False,False,False
9c4bde81b5b4913b46c28986b39be5ae,30513,0,2294,0.42075973868860395,0.027888446215139442,0.8635972461273667,0.6300211416490487,3081.42,2294,0.0,131.43,0.1169,0.1000149999999999,40.606701,225.73,49.44,49.44,1,321.18,8,33.0,0,0.124421,0.004021,0.119906,0.128067,0.119906,0.103862,0.002002,0.101673,0.105842,0.101673,0.073206,0.001262,0.070505,0.073773,0.073719,40.728885,0.0,40.728885,40.728885,40.728885,24.43733,0.0,24.43733,24.43733,24.43733,16.291555,0.0,16.291555,16.291555,16.291555,True,False,False,False,False,False,False,False,True,False,True,False,False,False,False,False
a6195dfa00a6ee181fb6f1c9b36eebbf,7677,0,0,0.6348899104766513,0.3346613545816733,0.5645438898450946,0.7917547568710359,952.9,0,0.0,16.57,0.16695,0.089695,44.31137796,0.0,19.48,19.48,1,90.81,6,13.856,0,0.170699,0.001537,0.168958,0.171942,0.168958,0.088904,0.001154,0.08797,0.090211,0.090211,0.0,0.0,0.0,0.0,0.0,44.341005,0.091544,44.26693,44.44471,44.44471,0.0,0.0,0.0,0.0,0.0,0.0,0.0,0.0,0.0,0.0,False,False,False,False,False,True,False,False,True,False,False,False,False,False,True,False
b1b88ad5337b366a8119f18df3653a86,40586,0,0,0.8693443019598355,0.2549800796812749,0.8722030981067126,0.7684989429175476,5247.66,0,24.0,81.94,0.148299,0.125137,41.1052014,0.0,114.0,114.0,1,533.85,3,41.467,0,0.153285,0.003799,0.146033,0.15956,0.151399,0.125739,0.012907,0.085483,0.132895,0.126871,0.086615,0.027588,0.0,0.101037,0.091394,41.427084,0.897831,41.06397,44.26693,41.228885,22.82597,7.188476,0.0,24.93733,24.93733,15.36987,4.840362,0.0,16.791555,16.791555,False,False,False,False,True,False,False,False,True,False,False,False,False,False,True,False
329ab7ec7c97eefc3cc58d66671fccbf,88946,0,15655,0.6581175901282361,0.5278884462151394,0.5851979345955249,0.8942917547568711,8738.2,15655,0.0,135.24,0.114658,0.099545,40.606701,1493.73,2.88,2.88,1,926.52,5,17.1,0,0.123874,0.004599,0.117657,0.127566,0.117657,0.103681,0.002159,0.101202,0.105428,0.101202,0.073496,6.4e-05,0.073433,0.073624,0.073624,40.593124,0.063414,40.565969,40.728885,40.728885,24.355871,0.038049,24.339578,24.43733,24.43733,16.237247,0.025367,16.226383,16.291555,16.291555,True,False,False,False,False,False,False,False,True,False,False,False,True,False,False,False
a969e6a67e16f4d7030be6bb552f335e,7608,0,1278,0.5869828211952577,0.6693227091633466,0.9808519793459552,0.9693446088794926,569.92,645,0.0,18.37,0.144038,0.0,45.81137796,93.44,19.52,19.52,1,48.04,6,12.5,0,0.149008,0.003306,0.144869,0.151635,0.144869,0.0,0.0,0.0,0.0,0.0,0.0,0.0,0.0,0.0,0.0,44.26693,1e-06,44.26693,44.266931,44.26693,0.0,0.0,0.0,0.0,0.0,0.0,0.0,0.0,0.0,0.0,False,False,False,False,False,True,False,False,True,False,False,False,False,False,True,False
538cd9b6675fee81c3d6a418cd53749c,23504,0,1207,0.8301475925477861,0.48804780876494025,0.9664371772805508,0.8731501057082452,1539.37,0,0.0,128.89,0.115939,0.100823,40.606701,0.0,8.02,8.02,2,198.42,3,16.627,0,0.128181,0.007173,0.118934,0.146033,0.118934,0.104389,0.006297,0.085483,0.107583,0.102479,0.069304,0.021831,0.0,0.076621,0.074902,41.023722,1.021346,40.728885,44.26693,40.728885,22.400886,7.05445,0.0,24.43733,24.43733,14.933925,4.702967,0.0,16.291555,16.291555,False,False,False,False,True,False,False,False,True,False,False,False,False,False,True,False
bd265cf7f018d2bea11e0cae69b493f1,1616,0,0,0.5649649165255263,0.48804780876494025,0.5023666092943201,0.8731501057082452,218.71,0,0.0,13.87,0.165793,0.0885389999999999,44.31137796,0.0,10.03,10.03,1,21.2,6,10.35,0,0.165006,0.009038,0.146033,0.170208,0.167797,0.086454,0.001263,0.085483,0.089051,0.089051,0.0,0.0,0.0,0.0,0.0,44.29656,0.069201,44.26693,44.44471,44.44471,0.0,0.0,0.0,0.0,0.0,0.0,0.0,0.0,0.0,0.0,False,False,False,False,True,False,False,False,True,False,False,False,False,True,False,False
9d36b9c37c945205ce28e491d5ba4cc6,58116,0,6041,0.5910960561335592,0.035856573705179286,0.5256024096385542,0.6342494714587738,5719.38,6041,0.0,170.28,0.115744,0.098858,40.606701,581.98,19.92,19.92,1,505.99,6,20.0,1,0.123179,0.003977,0.118746,0.126907,0.118746,0.102634,0.001989,0.100513,0.104682,0.100513,0.072,0.001366,0.069076,0.072612,0.072558,40.701732,0.063415,40.565969,40.728885,40.728885,24.421038,0.038049,24.339581,24.43733,24.43733,16.280694,0.025366,16.226389,16.291555,16.291555,True,False,False,False,False,False,False,False,True,False,False,False,False,False,True,False
6ebf4e3ebe30cfce7854c426f36f52a1,51806,0,3902,0.5139124122913138,0.06772908366533864,0.4569707401032702,0.653276955602537,1450.92,0,0.0,16.5,0.143801,0.0,44.31137796,0.0,30.86,30.86,1,135.35,7,15.0,0,0.147955,0.002559,0.145093,0.150591,0.145093,0.0,0.0,0.0,0.0,0.0,0.0,0.0,0.0,0.0,0.0,44.26693,1e-06,44.26693,44.266931,44.26693,0.0,0.0,0.0,0.0,0.0,0.0,0.0,0.0,0.0,0.0,False,False,False,False,True,False,False,False,True,False,False,False,False,True,False,False
e552ede3ad6271fb73560fc530681c53,103675,0,7073,0.8211952576820711,0.41434262948207173,0.7302065404475043,0.8340380549682875,8545.99,6917,0.0,131.77,0.114481,0.098142,40.606701,666.73,10.5,10.5,1,936.13,3,28.0,0,0.122464,0.004342,0.117479,0.125976,0.117479,0.101847,0.001919,0.099226,0.103395,0.099794,0.072292,0.001127,0.071482,0.073819,0.073819,40.620276,0.080213,40.565969,40.728885,40.728885,24.372163,0.048129,24.339578,24.43733,24.43733,16.248109,0.032087,16.226383,16.291555,16.291555,False,False,False,False,True,False,False,False,True,False,False,False,False,True,False,False
7d68b0e43bede00d07eca87f2efb5498,32635,4945,3612,0.5581901766271473,0.43227091633466136,0.49634251290877796,0.8435517970401691,449.18,145,0.0,131.41,0.115174,0.098837,40.606701,14.37,17.93,17.93,2,62.45,6,20.0,0,0.122666,0.004093,0.117815,0.125976,0.118175,0.101974,0.001805,0.099226,0.103395,0.100491,0.072272,0.001353,0.071482,0.074516,0.074516,40.6067,0.073681,40.565969,40.728885,40.728885,24.364017,0.044209,24.339578,24.43733,24.43733,16.242678,0.029474,16.226383,16.291555,16.291555,True,False,False,False,False,False,False,False,False,True,False,False,True,False,False,False
64da010f9d6a9186c3e93b645cf4aa2c,5422,0,0,0.09121703363174449,0.2848605577689243,0.9509466437177281,0.7357293868921776,462.98,0,0.0,64.84,0.142819,0.0,44.31137796,0.0,16.92,16.92,1,45.86,12,10.392,0,0.135739,0.010209,0.125976,0.149161,0.144699,0.051803,0.054108,0.0,0.10466,0.0,0.036021,0.037632,0.0,0.07457,0.0,42.518916,2.011926,40.565969,44.44471,44.44471,12.177936,12.719468,0.0,24.43733,0.0,8.118625,8.479646,0.0,16.291555,0.0,True,False,False,False,False,False,False,False,True,False,False,False,False,True,False,False
432a949a77c15f162a58bc08291c0357,3118110,468369,289924,0.7718364384224534,0.00796812749003984,0.6863166953528399,0.6194503171247357,4353.6,3812,0.0,0.0,0.1186359999999999,0.10175,40.606701,397.3,30.0,30.0,2,466.77,4,20.0,0,0.131582,0.009433,0.121137,0.146033,0.121137,0.100842,0.00946,0.085483,0.10802,0.102992,0.056245,0.033919,0.0,0.075221,0.075167,41.491211,1.673821,40.565969,44.26693,40.565973,18.254684,11.007989,0.0,24.339581,24.339578,12.169789,7.338659,0.0,16.226389,16.226383,False,False,False,False,True,False,False,False,False,True,False,False,False,False,True,False
0580216fd8b3a562087d52673f6ba63d,52055,29471,12967,0.8678925719816114,0.00398406374501992,0.84315834767642,0.6268498942917548,2331.86,1393,0.0,100.01,0.114588,0.097701,40.606701,127.15,24.0,24.0,2,314.89,3,16.0,0,0.121253,0.004089,0.117093,0.125254,0.117093,0.100931,0.002111,0.098947,0.103116,0.098947,0.070696,0.001496,0.066186,0.071174,0.07112,40.565971,2e-06,40.565969,40.565973,40.565973,24.339579,1e-06,24.339578,24.339581,24.339578,16.226386,3e-06,16.226383,16.226389,16.226383,False,False,False,False,True,False,False,False,False,True,False,False,False,False,True,False
7b5151678ad38110941404cfa0cd246b,39316,0,0,0.8475683522864748,0.24302788844621515,0.867039586919105,0.7452431289640592,4553.23,0,0.0,16.6,0.161454,0.084198,44.31137796,0.0,17.22,17.22,1,361.23,3,10.392,0,0.16589,0.0023,0.163445,0.168851,0.163445,0.084179,0.001217,0.082225,0.08545,0.084697,0.0,0.0,0.0,0.0,0.0,44.44471,0.0,44.44471,44.44471,44.44471,0.0,0.0,0.0,0.0,0.0,0.0,0.0,0.0,0.0,0.0,False,False,False,False,True,False,False,False,True,False,False,False,False,True,False,False
22d0b43288b03dcdb10758ea2c14290f,9429,0,1517,0.8925719816114203,0.2749003984063745,0.9808519793459552,0.7684989429175476,1404.97,1517,0.0,17.75,0.144902,0.0,44.31137796,222.68,22.52,22.52,1,118.82,3,13.85,0,0.148871,0.001862,0.146788,0.15125,0.146788,0.0,0.0,0.0,0.0,0.0,0.0,0.0,0.0,0.0,0.0,44.35582,0.092842,44.26693,44.44471,44.44471,0.0,0.0,0.0,0.0,0.0,0.0,0.0,0.0,0.0,0.0,False,False,False,False,True,False,False,False,True,False,False,False,False,False,True,False
5aa0bc5936e10e5430bbfe0adec6d882,176286,137146,24169,0.7316719090249214,0.4063745019920319,0.6506024096385542,0.8298097251585623,2764.11,3631,0.0,147.02,0.1169099999999999,0.100572,40.606701,334.76,10.02,10.02,2,398.68,4,16.0,0,0.124432,0.004052,0.119549,0.12771,0.119916,0.103817,0.001659,0.100961,0.10513,0.102232,0.074261,0.001474,0.073216,0.076257,0.076257,40.620276,0.080213,40.565969,40.728885,40.728885,24.372163,0.048129,24.339578,24.43733,24.43733,16.248109,0.032087,16.226383,16.291555,16.291555,False,False,False,False,True,False,False,False,False,True,False,False,False,False,True,False
794a391cd4eedf8eb16061de297f48f0,3221,0,0,0.6445681103314783,0.4163346613545817,0.5731497418244407,0.8350951374207188,482.47,0,0.0,18.42,0.1457109999999999,0.0,44.31137796,0.0,17.82,17.82,1,47.29,5,15.0,0,0.14974,0.00202,0.146905,0.151367,0.1476,0.0,0.0,0.0,0.0,0.0,0.0,0.0,0.0,0.0,0.0,44.32619,0.087533,44.26693,44.44471,44.44471,0.0,0.0,0.0,0.0,0.0,0.0,0.0,0.0,0.0,0.0,False,False,False,False,True,False,False,False,True,False,False,False,False,False,True,False
76b8c66af46339173a10ef565f83ecd0,44146,0,2575,0.5768207113476893,0.5856573705179283,0.5129087779690189,0.9249471458773785,345.57,0,0.0,139.07,0.146348,0.0,46.30537836,0.0,28.02,28.02,1,32.8,6,13.856,0,0.149865,0.002207,0.147173,0.151635,0.148239,0.0,0.0,0.0,0.0,0.0,0.0,0.0,0.0,0.0,0.0,44.448412,0.628671,44.26693,46.44471,46.44471,0.0,0.0,0.0,0.0,0.0,0.0,0.0,0.0,0.0,0.0,True,False,False,False,False,False,False,False,True,False,False,False,True,False,False,False
2a231a5d12bd34f9b3953f08434ecd87,1174340,0,84304,0.4345511734817324,0.14143426294820718,0.8577882960413081,0.6923890063424947,7890.9,6375,0.0,131.76,0.115744,0.098858,40.606701,623.3,39.46,39.46,1,676.92,8,44.12,0,0.122551,0.003682,0.118746,0.126907,0.118746,0.101901,0.002054,0.100505,0.104682,0.100513,0.071598,0.00178,0.068646,0.072612,0.072558,40.688156,0.073681,40.565969,40.728885,40.728885,24.412893,0.044209,24.339581,24.43733,24.43733,16.275263,0.029473,16.226389,16.291555,16.291555,True,False,False,False,False,False,False,False,True,False,False,False,False,True,False,False
d09137acfe2ba08fa9b7a561f21f31a0,0,0,0,0.4548753931768691,0.6733067729083665,0.4044750430292599,0.9714587737843552,0.0,0,0.0,142.2,0.092453,0.086393,59.17346796,0.0,0.12,0.12,1,0.0,8,40.0,0,0.104044,0.002984,0.100664,0.106459,0.100664,0.092514,0.001604,0.090697,0.093812,0.090697,0.065678,0.0,0.065678,0.065678,0.065678,59.173468,0.0,59.173468,59.173468,59.173468,36.490689,0.0,36.490689,36.490689,36.490689,8.367731,0.0,8.367731,8.367731,8.367731,True,False,False,False,False,False,False,False,True,False,False,False,False,True,False,False
a6271065bcce92ab00d4b7403c1cd0c9,1886,0,0,0.7244132591338012,0.3466135458167331,0.8728485370051635,0.8044397463002114,281.66,0,0.0,17.49,0.1457109999999999,0.0,44.31137796,0.0,18.62,18.62,1,26.8,5,13.2,0,0.149179,0.001626,0.1476,0.151966,0.1476,0.0,0.0,0.0,0.0,0.0,0.0,0.0,0.0,0.0,0.0,44.44471,0.0,44.44471,44.44471,44.44471,0.0,0.0,0.0,0.0,0.0,0.0,0.0,0.0,0.0,0.0,False,False,False,False,False,False,False,True,True,False,False,False,False,False,True,False
17e088f70d1a0b9bbe270c40b840fb7c,8135,0,1356,0.5506895717396564,0.3705179282868526,0.48967297762478484,0.8107822410147991,385.67,322,0.0,131.78,0.115174,0.098837,40.606701,31.84,26.04,26.04,1,46.3,6,23.1,0,0.122696,0.004055,0.117815,0.125976,0.118175,0.10208,0.001661,0.099226,0.103395,0.100491,0.072525,0.001471,0.071482,0.074516,0.074516,40.620276,0.080213,40.565969,40.728885,40.728885,24.372163,0.048129,24.339578,24.43733,24.43733,16.248109,0.032087,16.226383,16.291555,16.291555,True,False,False,False,False,False,False,False,True,False,False,False,False,True,False,False
f57635d822ff900e2a0a79fd05fbfde0,35658,44008,0,0.7655456085168159,0.45219123505976094,0.8128227194492255,0.854122621564482,5206.53,0,0.0,19.51,0.142065,0.0,44.31137796,0.0,12.47,12.47,2,433.91,4,13.2,0,0.145981,0.002315,0.143359,0.148047,0.143359,0.0,0.0,0.0,0.0,0.0,0.0,0.0,0.0,0.0,0.0,44.26693,1e-06,44.26693,44.266931,44.26693,0.0,0.0,0.0,0.0,0.0,0.0,0.0,0.0,0.0,0.0,False,False,False,False,True,False,False,False,False,True,False,False,False,False,True,False
c5097a11f5011af63f84f35b1d045359,22166,0,0,0.8156302927655457,0.4342629482071713,0.9567555938037866,0.8446088794926004,2576.5,0,0.0,14.99,0.141666,0.0,44.31137796,0.0,8.98,8.98,1,211.07,4,10.392,0,0.145877,0.002218,0.142782,0.147821,0.143538,0.0,0.0,0.0,0.0,0.0,0.0,0.0,0.0,0.0,0.0,44.370635,0.091543,44.266931,44.44471,44.44471,0.0,0.0,0.0,0.0,0.0,0.0,0.0,0.0,0.0,0.0,False,False,False,False,True,False,False,False,True,False,False,False,False,False,True,False
b755c169d571cfb31e0dbb555a84ac64,22535,0,359,0.8308734575368981,0.5876494023904383,0.9845094664371773,0.6035940803382663,266.39,0,0.0,27.77,0.16304,0.084395,46.31137836,0.0,21.09,21.09,1,16.17,3,10.392,0,0.165098,0.00348,0.159034,0.167699,0.159034,0.08378,0.001813,0.079964,0.084769,0.079964,0.0,0.0,0.0,0.0,0.0,44.26693,1e-06,44.26693,44.266931,44.26693,0.0,0.0,0.0,0.0,0.0,0.0,0.0,0.0,0.0,0.0,False,False,True,False,False,False,False,False,True,False,False,False,False,False,True,False
af0e0163b4764275b1d1d318df4d494e,498436,0,16208,0.7824824582627631,0.09561752988047809,0.6957831325301205,0.6649048625792812,5665.21,7319,0.0,127.25,0.1186359999999999,0.10175,40.606701,719.57,30.88,30.88,1,504.54,4,22.84,0,0.126492,0.004279,0.121647,0.130144,0.121647,0.105954,0.00225,0.103413,0.10802,0.103413,0.075182,0.000546,0.074278,0.075514,0.07546,40.688156,0.073681,40.565969,40.728885,40.728885,24.412893,0.044209,24.339581,24.43733,24.43733,16.275263,0.029473,16.226389,16.291555,16.291555,False,False,False,False,True,False,False,False,True,False,False,False,False,False,True,False
3aee084112804e8cfc97f3736de483e1,4696,0,0,0.7483668037744979,0.28087649402390436,0.9513769363166954,0.13107822410147993,271.83,0,0.0,11.34,0.141434,0.0,44.31137796,0.0,16.92,16.92,1,29.61,4,10.392,0,0.147037,0.003401,0.143306,0.151635,0.143306,0.0,0.0,0.0,0.0,0.0,0.0,0.0,0.0,0.0,0.0,44.32619,0.087533,44.26693,44.44471,44.44471,0.0,0.0,0.0,0.0,0.0,0.0,0.0,0.0,0.0,0.0,False,False,True,False,False,False,False,False,True,False,False,False,True,False,False,False
13c5dc70eb3121649c11ce743275ee1b,73051,0,4851,0.7263488991047665,0.10756972111553785,0.6458691910499139,0.671247357293869,2862.7,2597,0.0,148.13,0.114586,0.097701,40.606701,249.26,20.26,20.26,1,331.81,5,15.001,0,0.121856,0.003848,0.117585,0.125746,0.117585,0.101319,0.001885,0.099352,0.103521,0.099352,0.070546,0.001583,0.067921,0.071451,0.071397,40.688156,0.073681,40.565969,40.728885,40.728885,24.412893,0.044209,24.339581,24.43733,24.43733,16.275263,0.029473,16.226389,16.291555,16.291555,False,False,False,False,True,False,False,False,True,False,False,False,False,False,True,False
cd724ac83897a3979f92aaf10355d4ac,1311,1987,142,0.7420759738688604,0.49203187250996017,0.8956540447504303,0.8752642706131079,51.98,64,0.0,129.61,0.1128599999999999,0.096521,40.606701,7.12,13.2,13.2,3,4.82,4,19.8,0,0.122799,0.008221,0.115359,0.146033,0.115854,0.098906,0.004549,0.085483,0.101382,0.098169,0.064338,0.020298,0.0,0.072195,0.072195,40.915113,1.058039,40.565969,44.26693,40.728885,22.335719,7.034062,0.0,24.43733,24.43733,14.890479,4.689375,0.0,16.291555,16.291555,False,False,False,False,True,False,False,False,False,True,False,False,False,False,True,False
1517117d3c0c1d6c86bf428b53074a09,7364,0,1433,0.617227195741592,0.19123505976095617,0.5488382099827883,0.7156448202959831,262.16,256,0.0,146.13,0.1169099999999999,0.100572,40.606701,24.93,36.21,36.21,1,31.67,6,20.0,0,0.125246,0.004731,0.119916,0.129444,0.119916,0.104856,0.002323,0.102232,0.106863,0.102232,0.075744,0.000653,0.075004,0.076311,0.076257,40.661004,0.08389,40.565969,40.728885,40.728885,24.396601,0.050334,24.339581,24.43733,24.43733,16.264402,0.033556,16.226389,16.291555,16.291555,False,False,False,False,True,False,False,False,True,False,False,False,True,False,False,False
716f1a06db7e9d961bfdb455cef0ca68,7070,0,0,0.5826276312605855,0.6334661354581673,0.5180722891566265,0.952431289640592,1065.38,0,0.0,9.77,0.146348,0.0,45.30837756,0.0,12.6,12.6,1,101.03,6,11.0,0,0.149776,0.002298,0.147173,0.151635,0.147173,0.0,0.0,0.0,0.0,0.0,0.0,0.0,0.0,0.0,0.0,44.26693,1e-06,44.26693,44.266931,44.26693,0.0,0.0,0.0,0.0,0.0,0.0,0.0,0.0,0.0,0.0,True,False,False,False,False,False,False,False,True,False,False,False,True,False,False,False
e9b7dc4b310f9f73ff1980c3fe416977,19542,0,1753,0.5274618920880716,0.6733067729083665,0.9126506024096386,0.9714587737843552,242.14,0,0.0,131.42,0.092453,0.086393,59.17346796,0.0,0.24,0.24,1,6.17,7,96.0,0,0.104044,0.002984,0.100664,0.106459,0.100664,0.092514,0.001604,0.090697,0.093812,0.090697,0.065678,0.0,0.065678,0.065678,0.065678,59.173468,0.0,59.173468,59.173468,59.173468,36.490689,0.0,36.490689,36.490689,36.490689,8.367731,0.0,8.367731,8.367731,8.367731,True,False,False,False,False,False,False,False,True,False,False,False,False,True,False,False
09b05cfbbe3f87afab355c5ca349d1cd,14659,0,0,0.8809581417856279,0.17928286852589642,0.7833476764199656,0.7093023255813954,2206.51,0,0.0,17.25,0.1457109999999999,0.0,44.31137796,0.0,25.7,25.7,1,200.8,3,13.856,0,0.15056,0.002647,0.1476,0.153133,0.1476,0.0,0.0,0.0,0.0,0.0,0.0,0.0,0.0,0.0,0.0,44.38545,0.087532,44.266931,44.44471,44.44471,0.0,0.0,0.0,0.0,0.0,0.0,0.0,0.0,0.0,0.0,False,False,False,False,True,False,False,False,True,False,False,False,False,False,True,False
24352f8b85f00a575cff7bba15b39423,3104,0,582,0.7887732881684006,0.22310756972111553,0.9451376936316696,0.693446088794926,558.78,582,30.0,19.76,0.19923,0.0,45.80687796,117.14,30.9,30.9,2,34.77,4,10.392,0,0.182157,0.02526,0.153048,0.205742,0.20128,0.0,0.0,0.0,0.0,0.0,0.0,0.0,0.0,0.0,0.0,45.31971,0.772393,44.44471,45.94471,45.94471,0.0,0.0,0.0,0.0,0.0,0.0,0.0,0.0,0.0,0.0,False,False,False,False,False,False,False,True,True,False,False,False,False,True,False,False
f13dd1c67f5c3183cf8d2aab6ecdf735,50025,0,3114,0.5782724413259134,0.2908366533864542,0.5141996557659209,0.7684989429175476,5019.05,3114,0.0,144.43,0.115174,0.098837,40.606701,307.53,15.12,15.12,1,553.68,6,16.5,0,0.122756,0.004045,0.118175,0.126336,0.118175,0.10229,0.001627,0.100491,0.10466,0.100491,0.07303,0.001561,0.071536,0.07457,0.074516,40.647428,0.08508,40.565969,40.728885,40.728885,24.388455,0.051048,24.339578,24.43733,24.43733,16.258971,0.034032,16.226383,16.291555,16.291555,True,False,False,False,False,False,False,False,True,False,False,False,False,False,True,False
309736ffbe4353ca17b3c8bea4cc2e8c,3115,0,0,0.6056133559157997,0.09561752988047809,0.9991394148020654,0.6649048625792812,356.07,0,0.0,16.37,0.165794,0.087899,44.31137796,0.0,23.76,23.76,1,37.77,6,10.392,0,0.170508,0.002392,0.167798,0.172468,0.167798,0.088528,0.000516,0.087881,0.089162,0.088409,0.0,0.0,0.0,0.0,0.0,44.400265,0.080403,44.266931,44.44471,44.44471,0.0,0.0,0.0,0.0,0.0,0.0,0.0,0.0,0.0,0.0,True,False,False,False,False,False,False,False,True,False,False,False,True,False,False,False
3a020e786b5b473d7bb41592ab78066c,17183,0,0,0.6631986450520203,0.5697211155378487,0.5897160068846816,0.9164904862579282,2547.33,0,0.0,16.42,0.1446309999999999,0.0,44.31137796,0.0,6.45,6.45,1,221.7,5,13.86,0,0.147814,0.002185,0.145093,0.149555,0.146517,0.0,0.0,0.0,0.0,0.0,0.0,0.0,0.0,0.0,0.0,44.281745,0.051321,44.26693,44.44471,44.44471,0.0,0.0,0.0,0.0,0.0,0.0,0.0,0.0,0.0,0.0,False,False,False,False,True,False,False,False,True,False,False,False,False,False,True,False
9e7b265fdf690d01f13bbca5dfa6770e,77929,0,6089,0.6242438906363417,0.24900398406374502,0.5550774526678142,0.7526427061310782,53.47,0,0.0,16.87,0.144902,0.0,44.31137796,0.0,16.92,16.92,1,4.31,6,10.392,0,0.148871,0.001862,0.146788,0.15125,0.146788,0.0,0.0,0.0,0.0,0.0,0.0,0.0,0.0,0.0,0.0,44.35582,0.092842,44.26693,44.44471,44.44471,0.0,0.0,0.0,0.0,0.0,0.0,0.0,0.0,0.0,0.0,False,False,False,False,True,False,False,False,True,False,False,False,False,False,True,False
c63ded437f82268abbe79f68cf994072,3317,0,0,0.595693201064602,0.01195219123505976,0.9905335628227194,0.6215644820295984,500.63,0,0.0,15.15,0.142649,0.0,44.31137796,0.0,37.56,37.56,1,63.9,6,15.0,0,0.150364,0.003028,0.143946,0.153133,0.143946,0.0,0.0,0.0,0.0,0.0,0.0,0.0,0.0,0.0,0.0,44.26693,1e-06,44.26693,44.266931,44.26693,0.0,0.0,0.0,0.0,0.0,0.0,0.0,0.0,0.0,0.0,False,False,False,False,True,False,False,False,True,False,False,False,False,False,True,False
35b2497885b429034b74e89789371626,19369,0,0,0.656665860150012,0.5159362549800797,0.971815834767642,0.8879492600422833,1986.08,0,0.0,114.57,0.1153599999999999,0.100243,40.606701,0.0,34.56,34.56,1,262.29,5,23.1,1,0.125341,0.005251,0.118353,0.131032,0.118353,0.105146,0.003051,0.100689,0.108896,0.101898,0.074957,0.001787,0.072846,0.076955,0.074321,40.593124,0.063414,40.565969,40.728885,40.728885,24.355871,0.038049,24.339578,24.43733,24.43733,16.237247,0.025367,16.226383,16.291555,16.291555,False,False,True,False,False,False,False,False,True,False,False,False,False,True,False,False
b563f2342ea0e6748c6c168241ea0af9,9508,0,0,0.6595693201064602,0.5398406374501992,0.8752151462994836,0.9038054968287527,60.6,0,0.0,15.57,0.147506,0.0,46.30537836,0.0,21.64,21.64,1,6.51,5,10.392,0,0.151324,0.002147,0.148586,0.153048,0.1494,0.0,0.0,0.0,0.0,0.0,0.0,0.0,0.0,0.0,0.0,44.778043,0.778499,44.44471,46.44471,46.44471,0.0,0.0,0.0,0.0,0.0,0.0,0.0,0.0,0.0,0.0,True,False,False,False,False,False,False,False,True,False,False,False,True,False,False,False
ff393f6fcf65af6b1aec11c20a246877,2940360,155531,269980,0.8035325429470118,0.2689243027888446,0.7145008605851979,0.7684989429175476,4685.26,4656,0.0,131.37,0.1128599999999999,0.096521,40.606701,432.21,91.64,91.64,2,478.27,4,100.0,0,0.119861,0.003562,0.115854,0.124015,0.115854,0.099395,0.001275,0.098169,0.102338,0.098169,0.070136,0.00216,0.068068,0.072249,0.072195,40.647428,0.08508,40.565969,40.728885,40.728885,24.388455,0.051048,24.339578,24.43733,24.43733,16.258971,0.034032,16.226383,16.291555,16.291555,False,False,False,False,False,True,False,False,False,True,False,False,False,True,False,False
69c342da27b74618545086d9c250e6b6,1239,0,0,0.6022259859666103,0.06772908366533864,0.5354991394148021,0.653276955602537,127.83,0,0.0,118.24,0.120372,0.103487,40.606701,0.0,56.69,56.69,1,17.18,6,25.0,0,0.127797,0.003932,0.123388,0.131549,0.123388,0.107261,0.001929,0.105155,0.109324,0.105155,0.076488,0.001333,0.074278,0.077255,0.077201,40.688156,0.073681,40.565969,40.728885,40.728885,24.412893,0.044209,24.339581,24.43733,24.43733,16.275263,0.029473,16.226389,16.291555,16.291555,True,False,False,False,False,False,False,False,True,False,False,False,False,False,True,False
d4d05d47f991c1c54c31e1f7ebf2d34f,1564106,406995,136783,0.586740866198887,0.350597609561753,0.9571858864027539,0.6448202959830867,2085.11,4672,0.0,73.46,0.161743,0.084489,44.31137796,492.35,13.1,13.1,2,248.15,6,10.392,0,0.14091,0.020161,0.123208,0.163735,0.163735,0.095152,0.008996,0.084989,0.102941,0.084989,0.040753,0.035996,0.0,0.07087,0.0,42.249993,1.938243,40.565969,44.44471,44.44471,14.238818,12.56915,0.0,24.43733,0.0,9.492546,8.379434,0.0,16.291555,0.0,False,False,False,False,False,True,False,False,False,True,False,False,True,False,False,False
2dd8a252c27ab939b0346c2e8ab31d6d,45711,0,3621,0.6181950157270748,0.5099601593625498,0.8190619621342513,0.8847780126849895,756.18,30,0.0,29.31,0.142819,0.0,44.31137796,4.33,20.34,20.34,1,94.04,6,11.0,0,0.147017,0.002061,0.144699,0.149161,0.144699,0.0,0.0,0.0,0.0,0.0,0.0,0.0,0.0,0.0,0.0,44.370635,0.091543,44.266931,44.44471,44.44471,0.0,0.0,0.0,0.0,0.0,0.0,0.0,0.0,0.0,0.0,False,False,False,False,True,False,False,False,True,False,False,False,False,False,True,False
6978f03004f6f4973421ac2b36352996,27344,0,2475,0.7108637793370433,0.5796812749003984,0.826592082616179,0.9249471458773785,2878.85,2475,0.0,142.44,0.1169099999999999,0.100572,40.606701,263.25,5.64,5.64,1,335.83,5,29.7,0,0.124524,0.004069,0.119916,0.128077,0.119916,0.104134,0.001741,0.102232,0.106401,0.102232,0.075021,0.001546,0.07327,0.076311,0.076257,40.661004,0.08389,40.565969,40.728885,40.728885,24.396601,0.050334,24.339581,24.43733,24.43733,16.264402,0.033556,16.226389,16.291555,16.291555,False,False,False,False,True,False,False,False,True,False,False,False,False,False,True,False
